Datetime,Open,High,Low,Close,Volume
2026-08-09 08:00:00+00:00,150.0,150.00705997459153,147.79036322507883,147.82656925611275,599.0
2026-08-09 09:00:00+00:00,147.82656925611275,147.87053868199524,141.85047891917688,141.90841823738518,813.0
2026-08-09 10:00:00+00:00,141.90841823738518,141.9434825146217,137.2830811869945,137.28782858463748,407.0
2026-08-09 11:00:00+00:00,137.28782858463748,137.5294265500336,137.23010329864536,137.47120816433258,775.0
2026-08-09 12:00:00+00:00,137.47120816433258,143.0808445964583,137.42139569343647,143.07332618897988,269.0
2026-08-09 13:00:00+00:00,143.07332618897988,143.0796646037742,140.70985928291125,140.71129190708703,808.0
2026-08-09 14:00:00+00:00,140.71129190708703,140.73723908591563,139.8817527820922,139.89558845451805,623.0
2026-08-09 15:00:00+00:00,139.89558845451805,144.24233116925873,139.8645026185311,144.17891270623522,768.0
2026-08-09 16:00:00+00:00,144.17891270623522,144.21675435251058,142.11135238111834,142.1570289127407,419.0
2026-08-09 17:00:00+00:00,142.1570289127407,142.17810126864703,135.67391650773618,135.71072348692476,294.0
2026-08-09 18:00:00+00:00,135.71072348692476,135.78162021055073,131.85931887493322,131.87762289714357,935.0
2026-08-09 19:00:00+00:00,131.87762289714357,131.94942271347773,126.22993922825405,126.2311809660698,236.0
2026-08-09 20:00:00+00:00,126.2311809660698,129.42680726491048,126.19204965523907,129.4050224954109,683.0
2026-08-09 21:00:00+00:00,129.4050224954109,135.9491260440134,129.4006783795553,135.92978495955708,209.0
2026-08-09 22:00:00+00:00,135.92978495955708,135.99071499197717,134.48187517957376,134.520822766215,1000.0
2026-08-09 23:00:00+00:00,134.520822766215,134.5377709120129,121.66102324380462,121.68108244695779,778.0
2026-08-10 00:00:00+00:00,121.68108244695779,131.50603928596453,121.66858282641542,131.500471265352,693.0
2026-08-10 01:00:00+00:00,131.500471265352,131.52040810933204,128.80132170219815,128.8088823921432,1080.0
2026-08-10 02:00:00+00:00,128.8088823921432,128.96541857219427,128.74636361957891,128.94622555414966,605.0
2026-08-10 03:00:00+00:00,128.94622555414966,131.9281854156563,128.93145688151807,131.91607647765838,544.0
2026-08-10 04:00:00+00:00,131.91607647765838,134.639933272244,131.90799080794972,134.573891268518,1002.0
2026-08-10 05:00:00+00:00,134.573891268518,134.60483042285736,128.03966602640548,128.05880581906976,945.0
2026-08-10 06:00:00+00:00,128.05880581906976,131.71730522526434,128.02423618676318,131.67206347824984,552.0
2026-08-10 07:00:00+00:00,131.67206347824984,131.693607711342,124.34373733372506,124.36775237638311,1020.0
2026-08-10 08:00:00+00:00,124.36775237638311,129.86423478332563,124.34681743519866,129.84295222335143,421.0
2026-08-10 09:00:00+00:00,129.84295222335143,151.6539166994832,129.8358009051122,151.59769990212823,153.0
2026-08-10 10:00:00+00:00,151.59769990212823,151.61585883333635,146.03626184036517,146.0600602209185,301.0
2026-08-10 11:00:00+00:00,146.0600602209185,148.59465166550254,146.0057265638989,148.58167376421125,319.0
2026-08-10 12:00:00+00:00,148.58167376421125,155.29443564542842,148.55942005081084,155.25490191546803,1053.0
2026-08-10 13:00:00+00:00,155.25490191546803,155.26814412780578,145.8910558695395,145.92320415120724,1035.0
2026-08-10 14:00:00+00:00,145.92320415120724,145.9435381255143,136.36497211449964,136.38024281571285,292.0
2026-08-10 15:00:00+00:00,136.38024281571285,136.39018633361354,134.6783092526215,134.70351185394557,85.0
2026-08-10 16:00:00+00:00,134.70351185394557,134.76292041834594,128.5750829353126,128.58166205729736,330.0
2026-08-10 17:00:00+00:00,128.58166205729736,131.76313999196356,128.57684975360263,131.75936218504782,470.0
2026-08-10 18:00:00+00:00,131.75936218504782,133.17791810024423,131.7446881291485,133.1178611567837,412.0
2026-08-10 19:00:00+00:00,133.1178611567837,138.62830601741874,133.1131041449806,138.5900709517551,726.0
2026-08-10 20:00:00+00:00,138.5900709517551,138.68308825838236,137.3948138967717,137.40204098980624,857.0
2026-08-10 21:00:00+00:00,137.40204098980624,137.42900512528956,130.04616088381746,130.05438464142517,1033.0
2026-08-10 22:00:00+00:00,130.05438464142517,137.8432510023066,130.02074790150238,137.83379509049,902.0
2026-08-10 23:00:00+00:00,137.83379509049,138.38198878393973,137.82442182402943,138.35516860710075,865.0
2026-08-11 00:00:00+00:00,138.35516860710075,138.37456134565116,131.86219179230147,131.89503407335107,352.0
2026-08-11 01:00:00+00:00,131.89503407335107,133.94465755187355,131.87992065106,133.90829389191057,1035.0
2026-08-11 02:00:00+00:00,133.90829389191057,133.94097630256812,133.0264015448883,133.04966150718047,743.0
2026-08-11 03:00:00+00:00,133.04966150718047,137.8490665253588,133.04540565837942,137.84249224726852,497.0
2026-08-11 04:00:00+00:00,137.84249224726852,149.3417034835884,137.81184957359815,149.27423315196225,568.0
2026-08-11 05:00:00+00:00,149.27423315196225,150.0266035285055,149.2136296268052,149.98863105350625,87.0
2026-08-11 06:00:00+00:00,149.98863105350625,150.0009971304385,144.1571200667211,144.177053866843,682.0
2026-08-11 07:00:00+00:00,144.177053866843,151.74972279037664,144.1698526052908,151.74860175830162,622.0
2026-08-11 08:00:00+00:00,151.74860175830162,151.76787385966853,149.1797331157103,149.1868047829387,125.0
2026-08-11 09:00:00+00:00,149.1868047829387,149.19593762018303,126.55312259673583,126.57126211048845,120.0
2026-08-11 10:00:00+00:00,126.57126211048845,126.66966441653659,119.2688412182629,119.45789212733929,2080.0400342628463
2026-08-11 11:00:00+00:00,119.45789212733929,119.47682626125982,117.80099773717754,117.86150440929256,813.0
2026-08-11 12:00:00+00:00,117.86150440929256,121.97591927822458,117.81932010769232,121.94084999575017,329.0
2026-08-11 13:00:00+00:00,121.94084999575017,128.93731230632434,121.9243709324574,128.9345908990198,811.0
2026-08-11 14:00:00+00:00,128.9345908990198,128.97771193051656,123.44533303128507,123.45085963441456,927.0
2026-08-11 15:00:00+00:00,123.45085963441456,129.28323143212302,123.44040867068374,129.2658479993882,939.0
2026-08-11 16:00:00+00:00,129.2658479993882,138.28405154745747,129.23302521068925,138.2807526891594,707.0
2026-08-11 17:00:00+00:00,138.2807526891594,138.30775886198543,136.75928915605954,136.82352570818037,1006.0
2026-08-11 18:00:00+00:00,136.82352570818037,137.03726724355903,136.18232707214932,136.2220634198087,1851.3882521028443
2026-08-11 19:00:00+00:00,136.2220634198087,136.2404815082741,127.19309727693843,127.23279220152,212.0
2026-08-11 20:00:00+00:00,127.23279220152,130.33305459911247,127.20249087242927,130.3063757976665,776.0
2026-08-11 21:00:00+00:00,130.3063757976665,130.3628851684226,128.08450051366722,128.09474419511216,207.0
2026-08-11 22:00:00+00:00,128.09474419511216,128.0947994578005,123.45058426230305,123.50950661605228,242.0
2026-08-11 23:00:00+00:00,123.50950661605228,123.57335222780696,120.20320654306069,120.23204167597967,215.0
2026-08-12 00:00:00+00:00,120.23204167597967,124.6584324971208,120.21675606327052,124.61351898074977,316.0
2026-08-12 01:00:00+00:00,124.61351898074977,124.68370364420919,122.31252729108697,122.33594620187225,1009.0
2026-08-12 02:00:00+00:00,122.33594620187225,123.74471267831547,122.27346827385536,123.7160742437808,277.0
2026-08-12 03:00:00+00:00,123.7160742437808,123.74618439384957,119.69590914731484,119.73660500617872,692.0
2026-08-12 04:00:00+00:00,119.73660500617872,123.48478447411972,119.72557646610237,123.47451742925828,364.0
2026-08-12 05:00:00+00:00,123.47451742925828,126.12996741793478,123.4576954371108,126.11307814552198,955.0
2026-08-12 06:00:00+00:00,126.11307814552198,126.11372219241824,125.37056008216142,125.38204719101942,471.0
2026-08-12 07:00:00+00:00,125.38204719101942,130.03905207922818,125.36223886332769,129.9897364599796,600.0
2026-08-12 08:00:00+00:00,129.9897364599796,139.20373366756334,129.93604298500506,139.1910043455054,969.0
2026-08-12 09:00:00+00:00,139.1910043455054,139.2106358440087,138.94989078390526,138.9675383538184,487.0
2026-08-12 10:00:00+00:00,138.9675383538184,138.98037494244304,138.0698473221049,138.09197010336683,443.0
2026-08-12 11:00:00+00:00,138.09197010336683,141.06939834675984,138.0718166213745,141.06359888773875,463.0
2026-08-12 12:00:00+00:00,141.06359888773875,150.6041289578733,141.0525707495137,150.55012455494975,193.0
2026-08-12 13:00:00+00:00,150.55012455494975,150.57323444193617,146.9443402364467,146.9700330695691,764.0
2026-08-12 14:00:00+00:00,146.9700330695691,146.97907498974592,142.48685797912253,142.49387312805035,157.0
2026-08-12 15:00:00+00:00,142.49387312805035,149.04402716895274,142.49141887093526,149.01024852564103,1065.0
2026-08-12 16:00:00+00:00,149.01024852564103,149.03874981108316,146.52481884115687,146.536825627177,965.0
2026-08-12 17:00:00+00:00,146.536825627177,146.56645911561634,140.86751414403545,140.9296076615512,512.0
2026-08-12 18:00:00+00:00,140.9296076615512,147.0033383333336,140.90108949131098,146.98083248090737,1159.0
2026-08-12 19:00:00+00:00,146.98083248090737,146.99535760374647,140.33706136129194,140.3471227021379,1113.0
2026-08-12 20:00:00+00:00,140.3471227021379,146.01083533383107,140.3114002957856,145.98452122663483,952.0
2026-08-12 21:00:00+00:00,145.98452122663483,146.00131425799196,145.93766318286688,145.98083848635835,262.0
2026-08-12 22:00:00+00:00,145.98083848635835,146.00857545527145,142.58039417363727,142.59909834009656,135.0
2026-08-12 23:00:00+00:00,142.59909834009656,142.6164706340851,140.58378816610698,140.597558517335,443.0
2026-08-13 00:00:00+00:00,140.597558517335,140.61808306870097,132.10052705430556,132.10808497167747,750.0
2026-08-13 01:00:00+00:00,132.10808497167747,132.15208537164156,131.06821534164777,131.07145705493988,1187.0
2026-08-13 02:00:00+00:00,131.07145705493988,134.88647191074847,131.0605560280786,134.86044474548964,231.0
2026-08-13 03:00:00+00:00,134.86044474548964,135.96487106178506,134.8477248467392,135.90579996501108,571.0
2026-08-13 04:00:00+00:00,135.90579996501108,141.14155794279733,135.87335314290326,141.13339178623065,977.0
2026-08-13 05:00:00+00:00,141.13339178623065,155.5079636994058,141.1193708465816,155.50795517382696,108.0
2026-08-13 06:00:00+00:00,155.50795517382696,155.51190271264358,151.60459356855333,151.6595842904358,262.0
2026-08-13 07:00:00+00:00,151.6595842904358,151.66088405343373,131.00658099194195,131.01220929019152,1052.0
2026-08-13 08:00:00+00:00,131.01220929019152,133.89568004965955,130.98204326102274,133.89272851819456,876.0
2026-08-13 09:00:00+00:00,133.89272851819456,135.3154596268736,133.84379672926866,135.24159260582218,866.0
2026-08-13 10:00:00+00:00,135.24159260582218,140.11783625494942,135.19490797877123,140.11593386889706,197.0
2026-08-13 11:00:00+00:00,140.11593386889706,140.12704651370302,139.21830087861503,139.23464653530024,138.0
2026-08-13 12:00:00+00:00,139.23464653530024,139.24643722718764,133.2476745003532,133.2915957047684,324.0
2026-08-13 13:00:00+00:00,133.2915957047684,133.33725717185874,130.9415016824694,130.9900719434598,285.0
2026-08-13 14:00:00+00:00,130.9900719434598,136.37329349662122,130.96582817509758,136.3409956363676,1093.0
2026-08-13 15:00:00+00:00,136.3409956363676,138.3463711524743,136.33217253846763,138.26360023747867,973.0
2026-08-13 16:00:00+00:00,138.26360023747867,138.28753307463646,137.25177124863032,137.28088685672085,1193.0
2026-08-13 17:00:00+00:00,137.28088685672085,143.66325087409328,137.27672380776474,143.65171052252717,481.0
2026-08-13 18:00:00+00:00,143.65171052252717,158.3708338315889,143.63549220872872,158.33181330254425,1011.0
2026-08-13 19:00:00+00:00,158.33181330254425,174.63593476892646,158.2755482605453,174.61985346558754,676.0
2026-08-13 20:00:00+00:00,174.61985346558754,182.02037882380162,174.58156754429643,181.9622436769874,1175.0
2026-08-13 21:00:00+00:00,181.9622436769874,181.97878867357917,176.54657835876114,176.54783519994942,445.0
2026-08-13 22:00:00+00:00,176.54783519994942,178.14550853721136,176.52910702304882,178.0826291950191,460.0
2026-08-13 23:00:00+00:00,178.0826291950191,178.11777525821648,166.28644996918172,166.30550765974849,489.0
2026-08-14 00:00:00+00:00,166.30550765974849,166.3151501445359,163.91627785752638,163.99244849733643,735.0
2026-08-14 01:00:00+00:00,163.99244849733643,167.92939806789417,163.98255861295405,167.91589381247348,309.0
2026-08-14 02:00:00+00:00,167.91589381247348,167.93242734127193,161.0696711447339,161.09200649501264,158.0
2026-08-14 03:00:00+00:00,161.09200649501264,161.15518179289347,157.54120113729118,157.55702535158272,1118.0
2026-08-14 04:00:00+00:00,157.55702535158272,164.20697508546175,157.54400292909793,164.18413529740693,175.0
2026-08-14 05:00:00+00:00,164.18413529740693,164.24056292188843,147.60921632096952,147.6434412017106,483.0
2026-08-14 06:00:00+00:00,147.6434412017106,155.59670699521604,147.60805561588364,155.49824936646132,1003.0
2026-08-14 07:00:00+00:00,155.49824936646132,173.1418799761009,155.45834855937434,173.12469759017557,511.0
2026-08-14 08:00:00+00:00,173.12469759017557,173.12804400623352,170.85634580833755,170.88338603808137,161.0
2026-08-14 09:00:00+00:00,170.88338603808137,170.93587217914495,158.21440113039318,158.25082459890766,532.0
2026-08-14 10:00:00+00:00,158.25082459890766,169.42373947318575,158.2491442659745,169.39306722284144,688.0
2026-08-14 11:00:00+00:00,169.39306722284144,169.45096531930386,167.0469380578446,167.09001262093133,366.0
2026-08-14 12:00:00+00:00,167.09001262093133,169.4882728625831,167.0092830383076,169.45700997188806,557.0
2026-08-14 13:00:00+00:00,169.45700997188806,169.47733006679323,168.14548407540684,168.20584708750005,259.0
2026-08-14 14:00:00+00:00,168.20584708750005,189.1199036224081,168.1627370965295,189.10211251853252,1016.0
2026-08-14 15:00:00+00:00,189.10211251853252,194.61211892553425,189.0950304042676,194.58997069570066,1040.0
2026-08-14 16:00:00+00:00,194.58997069570066,194.62966535917974,180.64170946282627,180.66292729263742,1123.0
2026-08-14 17:00:00+00:00,180.66292729263742,180.73256492220395,171.24719239660604,171.2885452562731,441.0
2026-08-14 18:00:00+00:00,171.2885452562731,171.35661889705625,166.07327864924181,166.10710901982603,120.0
2026-08-14 19:00:00+00:00,166.10710901982603,166.1081493736563,152.96003392138942,152.97191114440406,833.0
2026-08-14 20:00:00+00:00,152.97191114440406,156.52644296962026,152.92528435970073,156.4978375582869,756.0
2026-08-14 21:00:00+00:00,156.4978375582869,159.54932781570022,156.45088447750192,159.54070834847843,1163.0
2026-08-14 22:00:00+00:00,159.54070834847843,159.59271202254814,154.4760649472811,154.5115771546312,287.0
2026-08-14 23:00:00+00:00,154.5115771546312,157.2265653670805,154.46917877112674,157.20418655757973,1099.0
2026-08-15 00:00:00+00:00,157.20418655757973,157.22397293091413,151.04188657215798,151.06900264470616,445.0
2026-08-15 01:00:00+00:00,151.06900264470616,151.08156923487684,150.15982939983223,150.19177743290174,1129.0
2026-08-15 02:00:00+00:00,150.19177743290174,150.23578202120754,139.37833438761402,139.4349421876257,1064.0
2026-08-15 03:00:00+00:00,139.4349421876257,143.20927350852168,139.38933447063846,143.16915726669285,464.0
2026-08-15 04:00:00+00:00,143.16915726669285,158.300337163581,143.14118251123455,158.29621491048727,1058.0
2026-08-15 05:00:00+00:00,158.29621491048727,158.46613133527626,157.52114821983938,157.60468787622088,3000.5878140048962
2026-08-15 06:00:00+00:00,157.60468787622088,167.5966759116996,157.6018057042821,167.5582546184149,1056.0
2026-08-15 07:00:00+00:00,167.5582546184149,167.61913457946696,162.38018235580648,162.41099419359833,719.0
2026-08-15 08:00:00+00:00,162.41099419359833,162.46801413802805,154.58166356626145,154.63401877210393,1094.0
2026-08-15 09:00:00+00:00,154.63401877210393,154.68233197936,154.52091187210866,154.53884353367832,83.0
2026-08-15 10:00:00+00:00,154.53884353367832,154.59002952728187,150.411395978351,150.43588084481627,282.0
2026-08-15 11:00:00+00:00,150.43588084481627,161.12955797403717,150.1188952273354,161.05423039768615,2049.1831224830757
2026-08-15 12:00:00+00:00,161.05423039768615,161.31541520487707,161.0433357375349,161.24650874691727,518.0
2026-08-15 13:00:00+00:00,161.24650874691727,163.31217986344967,161.24410428762522,163.30732881011212,730.0
2026-08-15 14:00:00+00:00,163.30732881011212,163.35015397985484,160.07106893569778,160.1103907211574,1166.0
2026-08-15 15:00:00+00:00,160.1103907211574,160.1921840964922,153.63007523231715,153.6435398015834,148.0
2026-08-15 16:00:00+00:00,153.6435398015834,153.7074502238878,144.36352982335012,144.37118485733765,817.0
2026-08-15 17:00:00+00:00,144.37118485733765,145.59470421056852,144.35046993127077,145.59366484970303,590.0
2026-08-15 18:00:00+00:00,145.59366484970303,145.60337474880788,137.9128541784417,138.0066388938789,744.0
2026-08-15 19:00:00+00:00,138.0066388938789,138.03478243324008,134.19595892434526,134.2236065897154,880.0
2026-08-15 20:00:00+00:00,134.2236065897154,134.2362590414228,132.02674173853956,132.05216570877926,390.0
2026-08-15 21:00:00+00:00,132.05216570877926,132.0806967360521,130.4997154510014,130.5506634862831,573.0
2026-08-15 22:00:00+00:00,130.5506634862831,140.66974149742674,130.50207141648403,140.66865668854936,790.0
2026-08-15 23:00:00+00:00,140.66865668854936,145.9120029788072,140.62098689016156,145.8896675016651,158.0
2026-08-16 00:00:00+00:00,145.8896675016651,148.8886553858229,145.888423815571,148.8231882655744,503.0
2026-08-16 01:00:00+00:00,148.8231882655744,154.1397425434929,148.78829413389283,154.10972450331323,669.0
2026-08-16 02:00:00+00:00,154.10972450331323,154.14060677090853,146.58125559302638,146.602404420823,1191.0
2026-08-16 03:00:00+00:00,146.602404420823,155.19197898840264,146.6015668449579,155.17113356469156,350.0
2026-08-16 04:00:00+00:00,155.17113356469156,155.20564122800099,149.34532323894788,149.34633501498263,229.0
2026-08-16 05:00:00+00:00,149.34633501498263,149.4026004101848,142.5897426186337,142.62464070725417,181.0
2026-08-16 06:00:00+00:00,142.62464070725417,142.6304470762889,140.22755345976225,140.276911227762,1113.0
2026-08-16 07:00:00+00:00,140.276911227762,140.3034241705322,131.85970881775538,131.93382177119958,261.0
2026-08-16 08:00:00+00:00,131.93382177119958,133.28670128586674,131.9293360223748,133.26234413867402,135.0
2026-08-16 09:00:00+00:00,133.26234413867402,133.29318023021924,131.02977301001204,131.05261712341584,964.0
2026-08-16 10:00:00+00:00,131.05261712341584,131.06006413158013,130.75512469643172,130.7960909894425,387.0
2026-08-16 11:00:00+00:00,130.7960909894425,139.0016269735356,130.79118337919186,138.88230503607883,724.0
2026-08-16 12:00:00+00:00,138.88230503607883,138.93977218618218,126.838765421026,126.90762283548396,673.0
2026-08-16 13:00:00+00:00,126.90762283548396,128.4027518855852,126.90123641646129,128.39423537281775,1184.0
2026-08-16 14:00:00+00:00,128.39423537281775,130.39737590221534,128.3564499779081,130.39003474186998,924.0
2026-08-16 15:00:00+00:00,130.39003474186998,130.4067094649126,129.5424312353226,129.56978938365899,833.0
2026-08-16 16:00:00+00:00,129.56978938365899,129.58246204485533,124.0480833494402,124.0898902561638,846.0
2026-08-16 17:00:00+00:00,124.0898902561638,126.69032315813674,124.08175567603006,126.6475391201791,249.0
2026-08-16 18:00:00+00:00,126.6475391201791,126.97545066179597,126.57100329266659,126.92251343606581,652.0
2026-08-16 19:00:00+00:00,126.92251343606581,126.96243960367529,126.84524709308289,126.90236483422814,855.0
2026-08-16 20:00:00+00:00,126.90236483422814,126.9052317116568,125.09441121292959,125.13311265901311,131.0
2026-08-16 21:00:00+00:00,125.13311265901311,126.36630152631346,125.0972543623546,126.33728331580261,337.0
2026-08-16 22:00:00+00:00,126.33728331580261,126.57511815450212,126.30490486084692,126.55821364212383,623.0
2026-08-16 23:00:00+00:00,126.55821364212383,126.6066823797062,119.4535343675557,119.5071202850336,196.0
2026-08-17 00:00:00+00:00,119.5071202850336,119.54814622452112,110.42790747881875,110.45213098183362,1009.0
2026-08-17 01:00:00+00:00,110.45213098183362,117.65354353822411,110.41868236562485,117.64759899309442,258.0
2026-08-17 02:00:00+00:00,117.64759899309442,121.91476908424085,117.63117728875626,121.90707227915347,1197.0
2026-08-17 03:00:00+00:00,121.90707227915347,126.07726572039978,121.86422682835777,126.06979925761593,360.0
2026-08-17 04:00:00+00:00,126.06979925761593,130.89537149875272,125.95404042518005,130.85716683081492,551.0
2026-08-17 05:00:00+00:00,130.85716683081492,130.8606501919506,122.71297727432976,122.77286668422742,640.0
2026-08-17 06:00:00+00:00,122.77286668422742,122.78232921301657,122.03954301765067,122.05064696944459,244.0
2026-08-17 07:00:00+00:00,122.05064696944459,122.0527905445268,115.243991494162,115.26512758719893,1153.0
2026-08-17 08:00:00+00:00,115.26512758719893,115.26786595106086,113.7714695221622,113.79369517543287,637.0
2026-08-17 09:00:00+00:00,113.79369517543287,113.80608188415084,109.21096633404755,109.21291430439685,319.0
2026-08-17 10:00:00+00:00,109.21291430439685,109.22907332691754,105.07190691544939,105.1099879020075,1174.0
2026-08-17 11:00:00+00:00,105.1099879020075,110.7114817243091,105.07449922200242,110.65195633334088,1131.0
2026-08-17 12:00:00+00:00,110.65195633334088,110.66600069664007,102.70755120475819,102.74380798185116,123.0
2026-08-17 13:00:00+00:00,102.74380798185116,103.3518904763235,102.74082389267036,103.32843794082669,1008.0
2026-08-17 14:00:00+00:00,103.32843794082669,104.81158515668876,103.29758078223053,104.79809922684052,886.0
2026-08-17 15:00:00+00:00,104.79809922684052,104.82343793674177,100.05371825058943,100.11926650023536,450.0
2026-08-17 16:00:00+00:00,100.11926650023536,105.4705273911864,100.08234746449823,105.44115947652706,577.0
2026-08-17 17:00:00+00:00,105.44115947652706,107.5451788721195,105.37008837515866,107.52958776236524,733.0
2026-08-17 18:00:00+00:00,107.52958776236524,107.56415025882106,105.24521112452123,105.30941081901925,552.0
2026-08-17 19:00:00+00:00,105.30941081901925,114.00672520162551,105.29587071457608,113.99865489981848,769.0
2026-08-17 20:00:00+00:00,113.99865489981848,115.46615316676322,113.93081366872477,115.45955021814235,670.0
2026-08-17 21:00:00+00:00,115.45955021814235,118.01741526585164,115.43369608922751,118.00138776816456,1021.0
2026-08-17 22:00:00+00:00,118.00138776816456,118.03283701146374,105.745885867901,105.76926662849745,251.0
2026-08-17 23:00:00+00:00,105.76926662849745,106.72344606070041,105.75734017879394,106.67393489769256,192.0
2026-08-18 00:00:00+00:00,106.67393489769256,106.7197696770925,95.27529236936887,95.39248236205354,435.0
2026-08-18 01:00:00+00:00,95.39248236205354,95.41779655037092,90.98017386433004,91.04209525845025,683.0
2026-08-18 02:00:00+00:00,91.04209525845025,91.06392863007231,88.53745802654637,88.56339322666145,408.0
2026-08-18 03:00:00+00:00,88.56339322666145,91.45723201467065,88.49632341164151,91.41371209951524,313.0
2026-08-18 04:00:00+00:00,91.41371209951524,92.25698590264912,91.30741729981922,92.18682256905335,1408.5817307163954
2026-08-18 05:00:00+00:00,92.18682256905335,93.88502946681965,92.18232618769996,93.88113918829335,1136.0
2026-08-18 06:00:00+00:00,93.88113918829335,100.64426601866631,93.82955888866441,100.63807916516798,823.0
2026-08-18 07:00:00+00:00,100.63807916516798,100.68792250983884,97.32071775447723,97.33672070637354,584.0
2026-08-18 08:00:00+00:00,97.33672070637354,97.4011549303586,94.96532209623456,95.0149963926216,191.0
2026-08-18 09:00:00+00:00,95.0149963926216,97.35199042475496,94.97477689187384,97.34804740348245,679.0
2026-08-18 10:00:00+00:00,97.34804740348245,97.39994929860852,97.25228220493325,97.2782781876357,1131.0
2026-08-18 11:00:00+00:00,97.2782781876357,97.29867850424985,94.1452447344795,94.17529856347515,384.0
2026-08-18 12:00:00+00:00,94.17529856347515,98.558235591358,94.0762391957752,98.14587079742564,530.1643675578889
2026-08-18 13:00:00+00:00,98.14587079742564,106.43152767327926,98.071286091854,106.35970383281186,734.0
2026-08-18 14:00:00+00:00,106.35970383281186,113.66850702752306,106.32755055509007,113.66293132806037,963.0
2026-08-18 15:00:00+00:00,113.66293132806037,113.7442453439457,113.65890916874832,113.69679232121906,912.0
2026-08-18 16:00:00+00:00,113.69679232121906,120.45590215570195,113.66526746374446,120.44964528125173,380.0
2026-08-18 17:00:00+00:00,120.44964528125173,120.46646800380698,117.38398842166762,117.41037479404653,837.0
2026-08-18 18:00:00+00:00,117.41037479404653,125.7098910074819,117.3876694296671,125.70275530920759,469.0
2026-08-18 19:00:00+00:00,125.70275530920759,125.70688865905615,113.67534572613737,113.68863972044949,238.0
2026-08-18 20:00:00+00:00,113.68863972044949,123.57861450944979,113.65904586061433,123.56209079488919,271.0
2026-08-18 21:00:00+00:00,123.56209079488919,123.57772464373039,116.02419880037587,116.07477986170008,699.0
2026-08-18 22:00:00+00:00,116.07477986170008,132.20346205810642,116.01170983153256,132.17665717461276,213.0
2026-08-18 23:00:00+00:00,132.17665717461276,132.18818079145356,123.74671375441277,123.78316773456619,224.0
2026-08-19 00:00:00+00:00,123.78316773456619,132.75743444700748,123.75753604438533,132.74935633100395,834.0
2026-08-19 01:00:00+00:00,132.74935633100395,137.19594676379836,132.7343397941719,137.18856022173975,825.0
2026-08-19 02:00:00+00:00,137.18856022173975,147.35696594275748,137.17882160285475,147.33057043298126,189.0
2026-08-19 03:00:00+00:00,147.33057043298126,147.3416156848567,142.89121526320685,142.9604509621992,527.0
2026-08-19 04:00:00+00:00,142.9604509621992,142.96378437564155,137.6918117012841,137.72283125076328,1091.0
2026-08-19 05:00:00+00:00,137.72283125076328,153.80216664466025,137.71428562896955,153.7760964829175,284.0
2026-08-19 06:00:00+00:00,153.7760964829175,153.7803265878378,152.29444889094898,152.31099299391312,997.0
2026-08-19 07:00:00+00:00,152.31099299391312,168.04777629710324,152.28548714646377,168.02500851488472,198.0
2026-08-19 08:00:00+00:00,168.02500851488472,168.034685098254,165.35231793204017,165.39129813902593,1112.0
2026-08-19 09:00:00+00:00,165.39129813902593,165.56705707432226,162.9215537458104,163.10341644872352,902.3999762602266
2026-08-19 10:00:00+00:00,163.10341644872352,163.15336505421095,160.34852819701987,160.400541330786,894.0
2026-08-19 11:00:00+00:00,160.400541330786,167.8205067115418,160.36233854415883,167.8043774483522,464.0
2026-08-19 12:00:00+00:00,167.8043774483522,172.2633654801817,167.80088444093658,172.22289042846532,802.0
2026-08-19 13:00:00+00:00,172.22289042846532,172.23069053673433,167.59009368583216,167.65873041339452,536.0
2026-08-19 14:00:00+00:00,167.65873041339452,172.36159279788538,167.61042281942068,172.30779587258831,1190.0
2026-08-19 15:00:00+00:00,172.30779587258831,176.97261610216722,172.28845739969952,176.9490017314935,1178.0
2026-08-19 16:00:00+00:00,176.9490017314935,176.97506499407547,176.85202974000498,176.94900494160416,297.0
2026-08-19 17:00:00+00:00,176.94900494160416,184.46299520738438,176.9480628739027,184.43870219465913,479.0
2026-08-19 18:00:00+00:00,184.43870219465913,184.44881006310715,180.28015411909715,180.3247445520552,1114.0
2026-08-19 19:00:00+00:00,180.3247445520552,180.3718334708727,175.53036017480517,175.5723836289509,253.0
2026-08-19 20:00:00+00:00,175.5723836289509,175.583768058918,173.5825700767285,173.60494777120073,568.0
2026-08-19 21:00:00+00:00,173.60494777120073,173.67740895922148,173.56349528803298,173.62117701492596,866.0
2026-08-19 22:00:00+00:00,173.62117701492596,187.512425481676,173.60869383756673,187.50134638798696,349.0
2026-08-19 23:00:00+00:00,187.50134638798696,203.12381193077547,187.501016090715,203.1174918985139,907.0
2026-08-20 00:00:00+00:00,203.1174918985139,212.52360879708988,203.0935246776632,212.4672179733665,200.0
2026-08-20 01:00:00+00:00,212.4672179733665,212.4674869320392,206.37717947879102,206.3980568708187,1095.0
2026-08-20 02:00:00+00:00,206.3980568708187,220.26384373734925,206.39774732839314,220.20559508858776,616.0
2026-08-20 03:00:00+00:00,220.20559508858776,220.22281181434582,211.0414758679301,211.0630362734932,1153.0
2026-08-20 04:00:00+00:00,211.0630362734932,226.31487123676717,211.02690199804726,226.27262836090316,346.0
2026-08-20 05:00:00+00:00,226.27262836090316,226.30932769572894,212.03820008594897,212.0446857465298,840.0
2026-08-20 06:00:00+00:00,212.0446857465298,219.67507358567627,212.0382019502638,219.66808404429446,459.0
2026-08-20 07:00:00+00:00,219.66808404429446,219.67480366171787,204.90665447754242,204.94148403126883,396.0
2026-08-20 08:00:00+00:00,204.94148403126883,204.94226915731136,191.35773986316323,191.38706729896793,1174.0
2026-08-20 09:00:00+00:00,191.38706729896793,191.39459175247552,188.94432458087454,188.9757543790749,1148.0
2026-08-20 10:00:00+00:00,188.9757543790749,188.98159589976763,181.02533909811186,181.07994054041924,662.0
2026-08-20 11:00:00+00:00,181.07994054041924,192.5486534061603,181.05465931358,192.51134823264286,318.0
2026-08-20 12:00:00+00:00,192.51134823264286,195.47597889452632,192.5007939318714,195.4531446325215,509.0
2026-08-20 13:00:00+00:00,195.4531446325215,195.45571607074254,185.4586386962943,185.4873710416326,1103.0
2026-08-20 14:00:00+00:00,185.4873710416326,185.50118668750747,179.70095902138175,179.7641396403479,836.0
2026-08-20 15:00:00+00:00,179.7641396403479,184.8407529602121,179.7549563071745,184.78671851630108,508.0
2026-08-20 16:00:00+00:00,184.78671851630108,184.84774226322816,169.20956324668452,169.2591129867521,80.0
2026-08-20 17:00:00+00:00,169.2591129867521,169.28107481407224,155.27807033827418,155.3647816201449,116.0
2026-08-20 18:00:00+00:00,155.3647816201449,155.37299257648317,134.3003315303513,134.30481523210494,215.0
2026-08-20 19:00:00+00:00,134.30481523210494,134.3230429941882,123.43345941266695,123.51369352481836,592.0
2026-08-20 20:00:00+00:00,123.51369352481836,123.54981067156778,101.57795429237866,101.58378486273061,1117.0
2026-08-20 21:00:00+00:00,101.58378486273061,101.59517863494,100.81730714862691,100.81993401343232,924.0
2026-08-20 22:00:00+00:00,100.81993401343232,100.90836963660087,100.09085391667087,100.10854914391643,108.0
2026-08-20 23:00:00+00:00,100.10854914391643,105.82542102216476,100.09362114340645,105.79315286751324,575.0
2026-08-21 00:00:00+00:00,105.79315286751324,105.8083607196372,103.81148372383748,103.84594676362372,443.0
2026-08-21 01:00:00+00:00,103.84594676362372,103.87739861199843,102.94111608621905,102.94692889674084,678.0
2026-08-21 02:00:00+00:00,102.94692889674084,104.85550812783795,102.90785006372084,104.82702585460119,818.0
2026-08-21 03:00:00+00:00,104.82702585460119,108.36112866193692,104.81596484043058,108.32119693892895,497.0
2026-08-21 04:00:00+00:00,108.32119693892895,123.20166239703529,108.30070265600604,123.17131368156599,1263.4204849516357
2026-08-21 05:00:00+00:00,123.17131368156599,123.21419399395137,107.80741052319493,107.80742025194475,497.0
2026-08-21 06:00:00+00:00,107.80742025194475,111.2049808311859,107.80515604459282,111.17941183272896,707.0
2026-08-21 07:00:00+00:00,111.17941183272896,117.46645525196674,111.17907550997258,117.45914635605348,985.0
2026-08-21 08:00:00+00:00,117.45914635605348,117.52762560635465,112.76473334463026,112.81549752458687,411.0
2026-08-21 09:00:00+00:00,112.81549752458687,112.83658090700226,112.07374968731753,112.08858986659958,1087.0
2026-08-21 10:00:00+00:00,112.08858986659958,114.45423109864959,112.05021293312272,114.40963018169096,387.0
2026-08-21 11:00:00+00:00,114.40963018169096,114.41648136031895,110.79165775532275,110.83279876388963,796.0
2026-08-21 12:00:00+00:00,110.83279876388963,117.15731966843872,110.80449462935815,117.13867019477365,1051.0
2026-08-21 13:00:00+00:00,117.13867019477365,123.50930443474363,117.13760835311454,123.50633054422173,521.0
2026-08-21 14:00:00+00:00,123.50633054422173,123.5523792359169,118.73798585261076,118.77038479116933,460.0
2026-08-21 15:00:00+00:00,118.77038479116933,131.5546809783328,118.72498670608246,131.52937568146973,211.0
2026-08-21 16:00:00+00:00,131.52937568146973,151.92233068750198,131.4415100885136,151.88011755216965,1152.0
2026-08-21 17:00:00+00:00,151.88011755216965,151.89184184822352,148.40542192673655,148.4347358741915,156.0
2026-08-21 18:00:00+00:00,148.4347358741915,156.8899316282799,148.41143237880533,156.8165739131057,236.0
2026-08-21 19:00:00+00:00,156.8165739131057,156.84972209585257,137.77446970184644,137.79328515708224,707.0
2026-08-21 20:00:00+00:00,137.79328515708224,145.15545160675427,137.79149027301403,145.1124419490194,123.0
2026-08-21 21:00:00+00:00,145.1124419490194,145.1596490865429,136.7107266868813,136.71177893452392,804.0
2026-08-21 22:00:00+00:00,136.71177893452392,136.73422065996803,133.6066106672853,133.6073746319497,374.0
2026-08-21 23:00:00+00:00,133.6073746319497,133.62945843608637,116.10247240902265,116.14260485807819,519.0
2026-08-22 00:00:00+00:00,116.14260485807819,116.1604853363073,106.6659750934043,106.66708862224039,338.0
2026-08-22 01:00:00+00:00,106.66708862224039,106.72088425711269,100.87949552491966,100.88790979132817,95.0
2026-08-22 02:00:00+00:00,100.88790979132817,100.93437011361667,98.83263240044319,98.87569943093648,702.0
2026-08-22 03:00:00+00:00,98.87569943093648,98.9464790361356,96.26387081222381,96.28551067857808,1126.0
2026-08-22 04:00:00+00:00,96.28551067857808,106.28480436123591,96.27614629920606,106.2122105843282,1129.0
2026-08-22 05:00:00+00:00,106.2122105843282,106.3204113418605,103.61905892195344,103.70269735357272,2248.396767836828
2026-08-22 06:00:00+00:00,103.70269735357272,103.71349261356546,103.57035793506961,103.60949543270203,1151.0
2026-08-22 07:00:00+00:00,103.60949543270203,104.51469571857241,103.60667568858604,104.39475748723397,737.0
2026-08-22 08:00:00+00:00,104.39475748723397,106.75094636392298,104.38046294831305,106.73674564986565,170.0
2026-08-22 09:00:00+00:00,106.73674564986565,106.79799103911726,106.3485929121554,106.36926742473635,1177.0
2026-08-22 10:00:00+00:00,106.36926742473635,106.3924323839075,106.1829497354133,106.19903014775062,1153.0
2026-08-22 11:00:00+00:00,106.19903014775062,106.21772404912463,102.64849271248454,102.65773325275708,539.0
2026-08-22 12:00:00+00:00,102.65773325275708,102.69829029633591,100.44482838624619,100.462152387311,474.0
2026-08-22 13:00:00+00:00,100.462152387311,102.43191722914685,100.41689296777074,102.43018566046888,296.0
2026-08-22 14:00:00+00:00,102.43018566046888,102.45130815320987,95.28937341900597,95.36690782912902,581.0
2026-08-22 15:00:00+00:00,95.36690782912902,97.01653481940447,95.3326456565034,96.9425991763121,896.0
2026-08-22 16:00:00+00:00,96.9425991763121,98.497775376702,96.94222500692524,98.46352595477805,658.0
2026-08-22 17:00:00+00:00,98.46352595477805,98.51803986284109,97.41716241527914,97.47856223661768,228.0
2026-08-22 18:00:00+00:00,97.47856223661768,101.16485720897772,97.37677506927804,101.13962616678309,547.0
2026-08-22 19:00:00+00:00,101.13962616678309,101.22601582004906,99.5390332847088,99.55330358339268,85.0
2026-08-22 20:00:00+00:00,99.55330358339268,100.93652727188777,99.53552481573928,100.90225860120806,388.0
2026-08-22 21:00:00+00:00,100.90225860120806,100.91946599658652,99.11968792291195,99.14420812936125,935.0
2026-08-22 22:00:00+00:00,99.14420812936125,99.93707187107316,99.05784904065902,99.86465230161507,675.0
2026-08-22 23:00:00+00:00,99.86465230161507,99.93936341326373,97.4409299737945,97.47500853969709,251.0
2026-08-23 00:00:00+00:00,97.47500853969709,100.52853081077457,97.44734906696736,100.51331711444827,675.0
2026-08-23 01:00:00+00:00,100.51331711444827,103.35143827356917,100.50953631364646,103.31516124963565,299.0
2026-08-23 02:00:00+00:00,103.31516124963565,103.33751233094398,99.1905023545478,99.22792868907308,199.0
2026-08-23 03:00:00+00:00,99.22792868907308,105.16011396673173,99.22754286429715,105.15871957233803,917.0
2026-08-23 04:00:00+00:00,105.15871957233803,110.96458832721504,105.1415566900899,110.95770361259088,851.0
2026-08-23 05:00:00+00:00,110.95770361259088,113.60900684896684,110.91373608999102,113.60775619675975,318.0
2026-08-23 06:00:00+00:00,113.60775619675975,114.60031139101125,113.58662288930269,114.58628876448607,527.0
2026-08-23 07:00:00+00:00,114.58628876448607,115.98769886660389,114.58418271649957,115.9654329443318,171.0
2026-08-23 08:00:00+00:00,115.9654329443318,117.8760056527633,115.92757849767486,117.81411313884425,376.0
2026-08-23 09:00:00+00:00,117.81411313884425,117.88747318632237,115.38263529990931,115.42206070958507,513.0
2026-08-23 10:00:00+00:00,115.42206070958507,115.44491522457339,109.79778976192742,109.82411349867346,639.0
2026-08-23 11:00:00+00:00,109.82411349867346,128.16827278853452,109.82348375345626,128.11431685258034,495.0
2026-08-23 12:00:00+00:00,128.11431685258034,128.182841646431,116.96180263712223,116.98387635836326,1178.0
2026-08-23 13:00:00+00:00,116.98387635836326,116.99931341836442,106.76043786983993,106.7720838433834,194.0
2026-08-23 14:00:00+00:00,106.7720838433834,106.80089350663172,102.54062513048491,102.57363204935045,398.0
2026-08-23 15:00:00+00:00,102.57363204935045,102.65228642674023,102.55538914579158,102.5577979645804,818.0
2026-08-23 16:00:00+00:00,102.5577979645804,112.6262473987962,102.39721571472174,112.53180501679759,2880.4153012849183
2026-08-23 17:00:00+00:00,112.53180501679759,112.54069124808424,101.18672538924457,101.26580009679097,912.0
2026-08-23 18:00:00+00:00,101.26580009679097,101.28219772038257,88.97025635554081,89.01126762552035,900.0
2026-08-23 19:00:00+00:00,89.01126762552035,89.03130293221747,88.95214328669806,89.00987776418557,542.0
2026-08-23 20:00:00+00:00,89.00987776418557,90.4622811081585,88.99519969452491,90.4488223939303,434.0
2026-08-23 21:00:00+00:00,90.4488223939303,90.4879140513515,80.65818854305408,80.70635620907892,513.0
2026-08-23 22:00:00+00:00,80.70635620907892,80.71934416202512,65.24496222428054,65.26893392357412,1011.0
2026-08-23 23:00:00+00:00,65.26893392357412,65.27260989815058,64.79559833702608,64.82183674214498,300.0
2026-08-24 00:00:00+00:00,64.82183674214498,70.041136974825,64.81545343977075,69.99346668274708,259.0
2026-08-24 01:00:00+00:00,69.99346668274708,69.9994122606979,62.04308436187487,62.06951009703943,275.0
2026-08-24 02:00:00+00:00,62.06951009703943,70.20644745500158,62.05539836963693,70.183199464865,938.0
2026-08-24 03:00:00+00:00,70.183199464865,70.19810788338262,53.30294595060458,53.34105404148582,1190.0
2026-08-24 04:00:00+00:00,53.34105404148582,53.34447490310433,49.21501215040281,49.272782192091604,338.0
2026-08-24 05:00:00+00:00,49.272782192091604,53.49024303498697,49.2369159101689,53.47419701069746,868.0
2026-08-24 06:00:00+00:00,53.47419701069746,70.81861903399762,53.47413566662576,70.81184127378029,1112.0
2026-08-24 07:00:00+00:00,70.81184127378029,70.8239957023935,63.540548827851964,63.56664990806769,163.0
2026-08-24 08:00:00+00:00,63.56664990806769,79.01187521958428,63.520459227437634,78.97505136765103,281.0
2026-08-24 09:00:00+00:00,78.97505136765103,78.9797842030517,49.85137447815045,49.86419337018837,493.0
2026-08-24 10:00:00+00:00,49.86419337018837,58.50997194581765,49.859336457914104,58.463056568359,765.0
2026-08-24 11:00:00+00:00,58.463056568359,58.90265096851872,58.44318485715613,58.8980781603203,1063.0
2026-08-24 12:00:00+00:00,58.8980781603203,67.01159056952663,58.874301817278536,66.99222954934552,1170.0
2026-08-24 13:00:00+00:00,66.99222954934552,66.99237354378826,54.420480972493706,54.43312412325421,567.0
2026-08-24 14:00:00+00:00,54.43312412325421,66.92765687683236,54.40497824821455,66.86214310735039,994.0
2026-08-24 15:00:00+00:00,66.86214310735039,66.9518633465599,40.90998879886518,40.93051203407608,378.0
2026-08-24 16:00:00+00:00,40.93051203407608,40.979074711472336,40.544038589155775,40.5819970273336,1176.0
2026-08-24 17:00:00+00:00,40.5819970273336,48.45984438588408,40.561638279449,48.438675066159256,981.0
2026-08-24 18:00:00+00:00,48.438675066159256,54.23724546979884,48.40168839193329,54.23318308026344,901.0
2026-08-24 19:00:00+00:00,54.23318308026344,54.28109998302875,39.728963717454924,39.753148369560726,905.0
2026-08-24 20:00:00+00:00,39.753148369560726,52.299367045522466,39.751940264217694,52.24534220269084,177.0
2026-08-24 21:00:00+00:00,52.24534220269084,52.55208579806513,52.232756224553775,52.489562709054134,851.0
2026-08-24 22:00:00+00:00,52.489562709054134,60.52071221609917,52.460400769731685,60.491120193801436,620.0
2026-08-24 23:00:00+00:00,60.491120193801436,62.38859913574986,60.47656362321535,62.37198441894,762.0
2026-08-25 00:00:00+00:00,62.37198441894,67.11813609183818,62.29114026240573,67.09253075933513,447.0
2026-08-25 01:00:00+00:00,67.09253075933513,67.85978119088547,67.0015165135817,67.80085386041287,840.0
2026-08-25 02:00:00+00:00,67.80085386041287,67.84605569624713,67.37544193850889,67.37892171563166,485.0
2026-08-25 03:00:00+00:00,67.37892171563166,67.38696699087001,59.6449709555409,59.69674615051854,1064.0
2026-08-25 04:00:00+00:00,59.69674615051854,64.11909852777578,59.643293272261076,64.08536402673168,910.0
2026-08-25 05:00:00+00:00,64.08536402673168,65.44228215077928,64.07809298273969,65.43605164850463,696.0
2026-08-25 06:00:00+00:00,65.43605164850463,66.211861940551,65.41331319591363,66.19389981661395,240.0
2026-08-25 07:00:00+00:00,66.19389981661395,66.99058147377598,66.16784838341206,66.97277905369985,723.0
2026-08-25 08:00:00+00:00,66.97277905369985,67.0629470179126,56.84204536685532,56.84886868373706,132.0
2026-08-25 09:00:00+00:00,56.84886868373706,56.889018615348526,56.29655522973783,56.383126439462366,700.0
2026-08-25 10:00:00+00:00,56.383126439462366,56.409951721316716,51.57683369517273,51.60759784139595,770.0
2026-08-25 11:00:00+00:00,51.60759784139595,51.67358366870747,50.81173539318853,50.81571364231447,705.0
2026-08-25 12:00:00+00:00,50.81571364231447,52.97830967501751,50.80924367424091,52.93731748089334,347.0
2026-08-25 13:00:00+00:00,52.93731748089334,52.93955364951218,51.37890292942079,51.39361489765601,178.0
2026-08-25 14:00:00+00:00,51.39361489765601,54.77378120980708,51.38554799490196,54.74418248738743,163.0
2026-08-25 15:00:00+00:00,54.74418248738743,54.880496948035756,49.92774453342797,50.25222082886778,1196.0205836783216
2026-08-25 16:00:00+00:00,50.25222082886778,50.301637490514025,49.79396498502472,49.822272320272816,1106.0
2026-08-25 17:00:00+00:00,49.822272320272816,49.84876369790382,46.49330266498374,46.49787212338996,275.0
2026-08-25 18:00:00+00:00,46.49787212338996,46.529845487058104,46.258816706365934,46.320255018810506,298.0
2026-08-25 19:00:00+00:00,46.320255018810506,48.471236553346195,46.26061518867738,48.39289166951824,542.0
2026-08-25 20:00:00+00:00,48.39289166951824,48.422379753085764,45.132903658741526,45.14931450042277,950.0
2026-08-25 21:00:00+00:00,45.14931450042277,45.19091255114552,41.910531059951985,41.95878278741258,1018.0
2026-08-25 22:00:00+00:00,41.95878278741258,41.99122389543233,41.948019063008175,41.97240695704298,718.0
2026-08-25 23:00:00+00:00,41.97240695704298,41.975864280885695,41.64984539247463,41.66807910850127,863.0
2026-08-26 00:00:00+00:00,41.66807910850127,41.71068256393386,41.011052707774056,41.03849462031444,1021.0
2026-08-26 01:00:00+00:00,41.03849462031444,41.47404056893049,40.9704897924814,41.46788159356399,1183.0
2026-08-26 02:00:00+00:00,41.46788159356399,41.646626309242286,41.27301716157204,41.37217240164958,2165.96591210952
2026-08-26 03:00:00+00:00,41.37217240164958,42.01976694802631,41.358674525767526,42.00458031905012,223.0
2026-08-26 04:00:00+00:00,42.00458031905012,44.97415960281141,41.96191153013555,44.96509894957247,466.0
2026-08-26 05:00:00+00:00,44.96509894957247,46.05278320576322,44.93829271483926,46.0433157502412,604.0
2026-08-26 06:00:00+00:00,46.0433157502412,46.08149596034832,45.62162936001115,45.829117922403015,590.4935579599304
2026-08-26 07:00:00+00:00,45.829117922403015,45.89246481483746,43.240565230496784,43.24695401833005,957.0
2026-08-26 08:00:00+00:00,43.24695401833005,43.28793125845626,40.709473214802166,40.7097232477851,183.0
2026-08-26 09:00:00+00:00,40.7097232477851,41.93702269157959,40.68920584178002,41.923521229155796,902.0
2026-08-26 10:00:00+00:00,41.923521229155796,42.58562386417584,41.876778413756675,42.5679025915562,1151.0
2026-08-26 11:00:00+00:00,42.5679025915562,44.62154053987883,42.54074309084313,44.61436595032766,950.0
2026-08-26 12:00:00+00:00,44.61436595032766,44.61928198792772,44.1445276572051,44.216998314087995,232.0
2026-08-26 13:00:00+00:00,44.216998314087995,44.269147712937716,42.92943772468512,42.98022504952454,870.0
2026-08-26 14:00:00+00:00,42.98022504952454,42.98618038483235,41.6995102599821,41.70600677451565,1041.0
2026-08-26 15:00:00+00:00,41.70600677451565,43.46054270438095,41.666868544824425,43.4531157623584,1099.0
2026-08-26 16:00:00+00:00,43.4531157623584,43.45588055146496,42.67023530852626,42.72942625309009,169.0
2026-08-26 17:00:00+00:00,42.72942625309009,44.84849558345636,42.72759970725763,44.80594931865738,600.0
2026-08-26 18:00:00+00:00,44.80594931865738,45.916176500306705,44.7474693389131,45.85823536660367,663.0
2026-08-26 19:00:00+00:00,45.85823536660367,45.90209340149279,43.13932900465057,43.18120304977598,317.0
2026-08-26 20:00:00+00:00,43.18120304977598,43.20483204481905,42.39024438040395,42.442799366056384,370.0
2026-08-26 21:00:00+00:00,42.442799366056384,42.443142619170224,41.7713152695818,41.79881503531701,503.0
2026-08-26 22:00:00+00:00,41.79881503531701,41.89742494044375,40.86739174806543,40.87433546914542,758.0
2026-08-26 23:00:00+00:00,40.87433546914542,43.451648829441005,40.872019609829344,43.451313070667844,680.0
2026-08-27 00:00:00+00:00,43.451313070667844,43.45916407307821,42.32165183500941,42.36831699509466,765.0
2026-08-27 01:00:00+00:00,42.36831699509466,45.66156374855338,42.35288645423867,45.61146461726446,954.0
2026-08-27 02:00:00+00:00,45.61146461726446,45.66389434219339,45.066804474511514,45.0823053802307,1049.0
2026-08-27 03:00:00+00:00,45.0823053802307,45.96995790596755,45.07495829138853,45.968661060363615,100.0
2026-08-27 04:00:00+00:00,45.968661060363615,45.97022024858897,43.49767453793768,43.50247577967444,841.0
2026-08-27 05:00:00+00:00,43.50247577967444,43.53174638297458,38.1322271914624,38.16381404430716,1174.0
2026-08-27 06:00:00+00:00,38.16381404430716,38.42294826137638,38.12374227617884,38.40249447243904,317.0
2026-08-27 07:00:00+00:00,38.40249447243904,38.4161528090732,38.212432003829456,38.230824979771015,882.0
2026-08-27 08:00:00+00:00,38.230824979771015,39.025214369576304,38.192353289948336,38.958933350388136,459.0
2026-08-27 09:00:00+00:00,38.958933350388136,38.98103878189866,38.7825918368642,38.815681878570444,372.0
2026-08-27 10:00:00+00:00,38.815681878570444,38.82060777860903,37.55398110246309,37.562501232855524,705.0
2026-08-27 11:00:00+00:00,37.562501232855524,37.580045099670755,36.96605083002322,37.01453415680021,917.0
2026-08-27 12:00:00+00:00,37.01453415680021,37.038538874825775,36.41130446206887,36.4305634820249,294.0
2026-08-27 13:00:00+00:00,36.4305634820249,37.26426158792542,36.41313892800725,37.24232941482139,408.0
2026-08-27 14:00:00+00:00,37.24232941482139,38.61140702310967,37.20682625882126,38.58092983267415,800.0
2026-08-27 15:00:00+00:00,38.58092983267415,39.54344666978139,38.56840312694666,39.53113207235757,789.0
2026-08-27 16:00:00+00:00,39.53113207235757,41.07732399601976,39.52388860369461,41.0195310215913,1196.0
2026-08-27 17:00:00+00:00,41.0195310215913,41.084823389766214,36.32016898051679,36.34873400919261,1191.0
2026-08-27 18:00:00+00:00,36.34873400919261,40.515392958476866,36.289477858950775,40.51337067749204,1016.0
2026-08-27 19:00:00+00:00,40.51337067749204,40.53056705520886,37.01907753776444,37.04508466085806,897.0
2026-08-27 20:00:00+00:00,37.04508466085806,37.089528554627805,35.724801982368774,35.7648463534096,750.0
2026-08-27 21:00:00+00:00,35.7648463534096,35.77255148859082,31.296218802420047,31.310605821096132,794.0
2026-08-27 22:00:00+00:00,31.310605821096132,31.751680339878256,31.263250476452143,31.740625914496725,425.0
2026-08-27 23:00:00+00:00,31.740625914496725,31.752323389593165,30.670820907165055,30.695600206559142,647.0
2026-08-28 00:00:00+00:00,30.695600206559142,30.701291003320446,29.777026699509648,29.781425287608922,677.0
2026-08-28 01:00:00+00:00,29.781425287608922,29.792056635332596,29.117122225865167,29.124177227102255,630.0
2026-08-28 02:00:00+00:00,29.124177227102255,29.160428081593942,28.828496057459787,28.835538069743862,1145.0
2026-08-28 03:00:00+00:00,28.835538069743862,30.367657748520777,28.80371660996845,30.35233418904541,451.0
2026-08-28 04:00:00+00:00,30.35233418904541,30.415558166253405,30.32326365232524,30.400739716665875,505.0
2026-08-28 05:00:00+00:00,30.400739716665875,30.42739189238237,29.35155985880263,29.427930731615376,1181.0
2026-08-28 06:00:00+00:00,29.427930731615376,30.848257821263232,29.412290132289606,30.832481230176317,794.0
2026-08-28 07:00:00+00:00,30.832481230176317,30.866161085602037,30.717748283843278,30.76721931385819,595.0
2026-08-28 08:00:00+00:00,30.76721931385819,30.81204152223996,29.454281651312048,29.527085516182286,171.0
2026-08-28 09:00:00+00:00,29.527085516182286,29.589551800312258,29.486899438504945,29.576961496866236,394.0
2026-08-28 10:00:00+00:00,29.576961496866236,29.579745711007906,25.921020281790863,25.953619927574685,1111.0
2026-08-28 11:00:00+00:00,25.953619927574685,25.99081360995645,25.915189272471217,25.976652983760008,478.0
2026-08-28 12:00:00+00:00,25.976652983760008,26.028783311339158,24.25817477598493,24.263489418712453,938.0
2026-08-28 13:00:00+00:00,24.263489418712453,24.327996682446454,22.045093543683052,22.07412502921688,596.0
2026-08-28 14:00:00+00:00,22.07412502921688,22.080394183167154,21.137029365658147,21.167231062447804,491.0
2026-08-28 15:00:00+00:00,21.167231062447804,21.209963917096534,20.978016921990637,20.98769604375296,1042.0
2026-08-28 16:00:00+00:00,20.98769604375296,21.053272133555826,20.950178173442563,21.03954613508055,891.0
2026-08-28 17:00:00+00:00,21.03954613508055,22.034622130128117,20.98765511460048,22.02978265570099,524.0
2026-08-28 18:00:00+00:00,22.02978265570099,22.171929276433946,22.008925100676844,22.104044186862854,1030.0
2026-08-28 19:00:00+00:00,22.104044186862854,22.104773480542452,21.228054110507667,21.275746799631165,316.0
2026-08-28 20:00:00+00:00,21.275746799631165,21.293590988896007,21.09511177308142,21.14095269555981,761.0
2026-08-28 21:00:00+00:00,21.14095269555981,21.163050188280558,20.026104663840346,20.041026831475794,620.0
2026-08-28 22:00:00+00:00,20.041026831475794,20.043151573781522,19.610707977643937,19.631285011878656,540.0
2026-08-28 23:00:00+00:00,19.631285011878656,19.658168593942136,18.294301399072932,18.303276891933738,374.0
2026-08-29 00:00:00+00:00,18.303276891933738,18.333952196721256,18.114402310707803,18.133010459311038,175.0
2026-08-29 01:00:00+00:00,18.133010459311038,18.17269276859436,17.236017532968756,17.257487644744167,754.0
2026-08-29 02:00:00+00:00,17.257487644744167,17.57514716305852,17.204451260153004,17.56208436852208,1010.0
2026-08-29 03:00:00+00:00,17.56208436852208,17.592525447122586,15.906911653983071,15.918241720278466,989.0
2026-08-29 04:00:00+00:00,15.918241720278466,16.592944900841193,15.91731019287448,16.578850854380395,561.0
2026-08-29 05:00:00+00:00,16.578850854380395,16.585268416191038,16.12281560663753,16.15293894832655,253.0
2026-08-29 06:00:00+00:00,16.15293894832655,17.108073524267187,16.10156019719475,17.084626568795162,323.0
2026-08-29 07:00:00+00:00,17.084626568795162,18.03107144658907,17.030096582466896,18.028226060499843,935.0
2026-08-29 08:00:00+00:00,18.028226060499843,18.206880508911933,18.01324137394626,18.149247148104312,767.0
2026-08-29 09:00:00+00:00,18.149247148104312,18.214823708775718,17.98278360077898,18.03509634082887,309.0
2026-08-29 10:00:00+00:00,18.03509634082887,18.06709768987813,17.177336072537866,17.177441272677516,630.0
2026-08-29 11:00:00+00:00,17.177441272677516,17.203894573317,15.631896114231933,15.663463922850017,88.0
2026-08-29 12:00:00+00:00,15.663463922850017,17.645879916846706,15.660813661395336,17.600979164083245,571.0
2026-08-29 13:00:00+00:00,17.600979164083245,18.284059896908143,17.5735971023554,18.23503330093563,1175.0
2026-08-29 14:00:00+00:00,18.23503330093563,19.192583004560632,18.21128995073364,19.181027530020884,175.0
2026-08-29 15:00:00+00:00,19.181027530020884,19.24876159669039,17.15034917056229,17.17288709543273,843.0
2026-08-29 16:00:00+00:00,17.17288709543273,17.19226474918197,15.073737869613296,15.081112324909524,295.0
2026-08-29 17:00:00+00:00,15.081112324909524,15.16529788612358,15.047791480139894,15.162450561284414,88.0
2026-08-29 18:00:00+00:00,15.162450561284414,15.583840327532377,14.95893805704579,15.389782852692015,508.2028551398629
2026-08-29 19:00:00+00:00,15.389782852692015,15.39628654320385,13.819419107617477,13.880532706075632,1058.0
2026-08-29 20:00:00+00:00,13.880532706075632,13.889015674621689,13.237649919230938,13.277117381107198,699.0
2026-08-29 21:00:00+00:00,13.277117381107198,14.09304282505742,13.271616528901154,14.078613545798916,761.0
2026-08-29 22:00:00+00:00,14.078613545798916,14.118449601080407,13.689000152393533,13.694252578762853,1164.0
2026-08-29 23:00:00+00:00,13.694252578762853,13.710832015586966,12.424001931462557,12.430572981749057,616.0
2026-08-30 00:00:00+00:00,12.430572981749057,12.435810977043584,12.235987643259376,12.263430691050159,237.0
2026-08-30 01:00:00+00:00,12.263430691050159,12.74304932667568,12.257049054463353,12.70536099990836,617.0
2026-08-30 02:00:00+00:00,12.70536099990836,12.709847622422327,12.527809548184969,12.552420402418106,246.0
2026-08-30 03:00:00+00:00,12.552420402418106,14.032096945392441,12.501249909034405,14.00772138014805,893.0
2026-08-30 04:00:00+00:00,14.00772138014805,14.022293929122986,13.468375540911595,13.473478592789457,1041.0
2026-08-30 05:00:00+00:00,13.473478592789457,13.48130081874588,13.199853346400802,13.249307598840824,835.0
2026-08-30 06:00:00+00:00,13.249307598840824,13.252744010264866,12.356450832672985,12.374156507465635,897.0
2026-08-30 07:00:00+00:00,12.374156507465635,13.338393385960805,12.340547160497097,13.295929402405614,853.0
2026-08-30 08:00:00+00:00,13.295929402405614,13.356283262701504,13.082574315725434,13.124051872191181,801.0
2026-08-30 09:00:00+00:00,13.124051872191181,13.127986890184035,12.900710712358718,12.91046947926521,947.0
2026-08-30 10:00:00+00:00,12.91046947926521,12.921913428882329,12.3846324769847,12.386000271188138,388.0
2026-08-30 11:00:00+00:00,12.386000271188138,13.362991396163087,12.383633686290292,13.291473007828538,322.0
2026-08-30 12:00:00+00:00,13.291473007828538,13.422067906584681,13.097870200574366,13.319426879425713,349.75291737933685
2026-08-30 13:00:00+00:00,13.319426879425713,13.414653865306859,12.189751228614604,12.218487564997185,1046.0
2026-08-30 14:00:00+00:00,12.218487564997185,12.245768267214295,12.043000037263395,12.051879730474472,560.0
2026-08-30 15:00:00+00:00,12.051879730474472,12.087804231513653,11.535841785230476,11.61994468215681,805.0
2026-08-30 16:00:00+00:00,11.61994468215681,11.79623855745329,11.60349061512744,11.77800062071615,329.0
2026-08-30 17:00:00+00:00,11.77800062071615,11.853145804659755,11.254932373749217,11.278641305735825,1021.0
2026-08-30 18:00:00+00:00,11.278641305735825,11.581409860136672,11.260446503406026,11.546917668827986,548.0
2026-08-30 19:00:00+00:00,11.546917668827986,11.548277273787406,10.941460807639945,10.9978451730225,660.0
2026-08-30 20:00:00+00:00,10.9978451730225,11.449589572400502,10.943987920615696,11.416837174934082,594.0
2026-08-30 21:00:00+00:00,11.416837174934082,11.441104912795094,10.127006239441736,10.162368740658104,775.0
2026-08-30 22:00:00+00:00,10.162368740658104,10.168084827875159,9.616645278742526,9.645814023298184,513.0
2026-08-30 23:00:00+00:00,9.645814023298184,9.83609455506152,9.61049224938985,9.827648683330525,867.0
2026-08-31 00:00:00+00:00,9.827648683330525,9.843048705253208,9.517291136069995,9.538838418388497,237.0
2026-08-31 01:00:00+00:00,9.538838418388497,9.580444654435778,9.468500073203575,9.514403038572876,527.0
2026-08-31 02:00:00+00:00,9.514403038572876,10.047835630273083,9.493943253970173,10.020482185234691,377.0
2026-08-31 03:00:00+00:00,10.020482185234691,10.084621850792477,9.677202202407036,9.732555117176242,191.0
2026-08-31 04:00:00+00:00,9.732555117176242,10.115125271031758,9.725624348588742,10.074558646750821,343.0
2026-08-31 05:00:00+00:00,10.074558646750821,10.093710705241083,10.061666473243195,10.067462155029498,593.0
2026-08-31 06:00:00+00:00,10.067462155029498,10.199433453736855,10.035783750025118,10.165389441516881,584.0
2026-08-31 07:00:00+00:00,10.165389441516881,10.201114565580273,9.936249003485717,9.936415605504667,1072.0
2026-08-31 08:00:00+00:00,9.936415605504667,9.95994586836846,9.294602059219494,9.326999220458577,212.0
2026-08-31 09:00:00+00:00,9.326999220458577,9.328249974911852,8.89289449283498,8.928214416451961,369.0
2026-08-31 10:00:00+00:00,8.928214416451961,8.938493453086252,8.252755562524266,8.277891669990229,458.0
2026-08-31 11:00:00+00:00,8.277891669990229,8.315063968345656,8.063934201720384,8.114535229506009,461.0
2026-08-31 12:00:00+00:00,8.114535229506009,8.609784068060215,8.07888329206984,8.598085832363182,272.0
2026-08-31 13:00:00+00:00,8.598085832363182,9.035663822604514,8.567003434560679,9.00187145358998,257.0
2026-08-31 14:00:00+00:00,9.00187145358998,9.055203226102185,8.474690855210982,8.516187221585847,472.0
2026-08-31 15:00:00+00:00,8.516187221585847,8.599219675053199,8.486795217419006,8.557582010437358,451.0
2026-08-31 16:00:00+00:00,8.557582010437358,8.927002870720608,8.517969151542438,8.906289282584058,975.0
2026-08-31 17:00:00+00:00,8.906289282584058,8.962020173284722,8.009063771776784,8.030464698998076,557.0
2026-08-31 18:00:00+00:00,8.030464698998076,8.046641532920075,8.010763310568958,8.042686989972793,169.0
2026-08-31 19:00:00+00:00,8.042686989972793,8.07979163144514,7.814227455731413,7.824400161152152,611.0
2026-08-31 20:00:00+00:00,7.824400161152152,7.82753527807639,7.644158985635516,7.662142896623181,152.0
2026-08-31 21:00:00+00:00,7.662142896623181,7.677548255641467,7.216866782754456,7.22071397982796,304.0
2026-08-31 22:00:00+00:00,7.22071397982796,7.951156428141081,7.209055828441378,7.897066874692417,1178.0
2026-08-31 23:00:00+00:00,7.897066874692417,7.994097305622437,7.837813173078329,7.846997368832821,685.0
2026-09-01 00:00:00+00:00,7.846997368832821,7.881259632914789,6.873114605719909,6.876860948425933,239.0
2026-09-01 01:00:00+00:00,6.876860948425933,6.911980716607397,6.643177207519618,6.655089605397435,545.0
2026-09-01 02:00:00+00:00,6.655089605397435,6.677629754068124,6.399440564784817,6.509609301001785,657.0
2026-09-01 03:00:00+00:00,6.509609301001785,6.5314682662703065,6.058365614170396,6.097856822695495,1195.0
2026-09-01 04:00:00+00:00,6.097856822695495,6.117045447703979,5.863087655664858,5.872674706437071,1162.0
2026-09-01 05:00:00+00:00,5.872674706437071,6.256181918006215,5.823399795250287,6.204458450288215,660.0
2026-09-01 06:00:00+00:00,6.204458450288215,6.294688049059168,6.201077291959757,6.290743535544188,769.0
2026-09-01 07:00:00+00:00,6.290743535544188,6.295785150308147,6.095762341399516,6.11249347760459,872.0
2026-09-01 08:00:00+00:00,6.11249347760459,6.114277319705867,5.974173662529243,6.00406713206708,998.0
2026-09-01 09:00:00+00:00,6.00406713206708,6.080802205334996,5.957674239036599,6.065372272993395,251.0
2026-09-01 10:00:00+00:00,6.065372272993395,6.116399133260856,5.498489120099999,5.5582679505270445,970.0
2026-09-01 11:00:00+00:00,5.5582679505270445,5.723551297816587,5.530866757285253,5.6762213817672444,1124.0
2026-09-01 12:00:00+00:00,5.6762213817672444,5.719363719797907,5.379878422464126,5.394654481129765,700.0
2026-09-01 13:00:00+00:00,5.394654481129765,5.448530587793372,5.376930634574839,5.41889430438813,1111.0
2026-09-01 14:00:00+00:00,5.41889430438813,5.8134077468110315,5.38437923966461,5.796378342114606,1064.0
2026-09-01 15:00:00+00:00,5.796378342114606,6.01768892134114,5.783230725059831,6.004394063171501,405.0
2026-09-01 16:00:00+00:00,6.004394063171501,6.161419927735823,5.981153453345797,6.131474774337656,1154.0
2026-09-01 17:00:00+00:00,6.131474774337656,6.170473643966705,5.980542078644647,6.003968059691136,876.0
2026-09-01 18:00:00+00:00,6.003968059691136,6.272991398351439,5.946257042951697,6.266809418034752,939.0
2026-09-01 19:00:00+00:00,6.266809418034752,6.295487934274512,5.799374090146366,5.807641145978386,948.0
2026-09-01 20:00:00+00:00,5.807641145978386,6.200089438623112,5.785604860448754,6.124631001550883,698.0
2026-09-01 21:00:00+00:00,6.124631001550883,6.134971938004828,5.929666437125094,5.9580344312915745,624.0
2026-09-01 22:00:00+00:00,5.9580344312915745,5.986067980264121,5.8801279559489075,5.9072546688565755,352.0
2026-09-01 23:00:00+00:00,5.9072546688565755,6.075355539128308,5.877047570542005,6.005562903450679,300.0
2026-09-02 00:00:00+00:00,6.005562903450679,6.186205541012656,5.8427749535981,5.895336167959799,1808.8548683403162
2026-09-02 01:00:00+00:00,5.895336167959799,6.181482446184498,5.86788272640244,6.1753411373472975,567.0
2026-09-02 02:00:00+00:00,6.1753411373472975,6.183250878054216,5.933473381043156,5.96046033758712,149.0
2026-09-02 03:00:00+00:00,5.96046033758712,6.346890012834122,5.958877764575457,6.326316151287024,843.0
2026-09-02 04:00:00+00:00,6.326316151287024,6.793606921225285,6.304526581899229,6.758204470759575,770.0
2026-09-02 05:00:00+00:00,6.758204470759575,7.082191401544655,6.669359956077775,7.06625356941396,980.0
2026-09-02 06:00:00+00:00,7.06625356941396,7.084282371741576,6.7466531241179775,6.755728453960435,1015.0
2026-09-02 07:00:00+00:00,6.755728453960435,7.315727125186736,6.72447246036354,7.2821374297518,453.0
2026-09-02 08:00:00+00:00,7.2821374297518,7.523202074714903,7.233463411223805,7.488303127090199,466.0
2026-09-02 09:00:00+00:00,7.488303127090199,7.5204834745924805,7.413088073500553,7.440470965190902,732.0
2026-09-02 10:00:00+00:00,7.440470965190902,7.913930636257938,7.426972561528312,7.872814852049647,577.0
2026-09-02 11:00:00+00:00,7.872814852049647,8.212046389286394,7.810028618976433,8.2048990393271,361.0
2026-09-02 12:00:00+00:00,8.2048990393271,8.208173873322469,8.088326963255595,8.107044031711556,785.0
2026-09-02 13:00:00+00:00,8.107044031711556,8.172905067327994,6.845069509320691,6.8552160639740904,398.0
2026-09-02 14:00:00+00:00,6.8552160639740904,6.972800147239808,6.847059811449306,6.965954279112995,1025.0
2026-09-02 15:00:00+00:00,6.965954279112995,7.4714376110699625,6.962300106123854,7.467598478771378,1049.0
2026-09-02 16:00:00+00:00,7.467598478771378,7.5055229975642614,7.407602533351587,7.503279813251877,883.0
2026-09-02 17:00:00+00:00,7.503279813251877,7.763744834630343,7.440150503328657,7.701695100003728,731.0
2026-09-02 18:00:00+00:00,7.701695100003728,7.798846325523759,7.664977600234932,7.790930363980979,429.0
2026-09-02 19:00:00+00:00,7.790930363980979,7.9586798124288,7.761403576713574,7.950449307633064,1077.0
2026-09-02 20:00:00+00:00,7.950449307633064,8.054796087540891,7.892198139960403,7.907689637291287,1122.0
2026-09-02 21:00:00+00:00,7.907689637291287,8.301752363430616,7.8724009672972395,8.266033042812248,569.0
2026-09-02 22:00:00+00:00,8.266033042812248,8.28133298248828,8.20184028363822,8.208292907913837,314.0
2026-09-02 23:00:00+00:00,8.208292907913837,8.567907112764846,8.166926861560185,8.545783232694493,256.0
2026-09-03 00:00:00+00:00,8.545783232694493,8.765037122672512,8.538176392229259,8.741930106458481,372.0
2026-09-03 01:00:00+00:00,8.741930106458481,8.977743822605914,8.695467809231683,8.964252832742966,303.0
2026-09-03 02:00:00+00:00,8.964252832742966,9.017407042489907,8.172190622252526,8.199577258450155,856.0
2026-09-03 03:00:00+00:00,8.199577258450155,8.245496408249497,7.228614276411388,7.244879223888967,308.0
2026-09-03 04:00:00+00:00,7.244879223888967,7.278029282335083,6.747417594064389,6.856035271124287,309.0
2026-09-03 05:00:00+00:00,6.856035271124287,6.869868264400937,6.570686569922079,6.590737535856352,1195.0
2026-09-03 06:00:00+00:00,6.590737535856352,6.611358019542993,5.828094335328104,5.942564140426887,570.0
2026-09-03 07:00:00+00:00,5.942564140426887,6.055132959901946,5.869273187402311,6.032233431327555,228.0
2026-09-03 08:00:00+00:00,6.032233431327555,6.20629045682005,5.988740188427811,6.1793515283450535,574.0
2026-09-03 09:00:00+00:00,6.1793515283450535,6.237681279824996,6.132015162946963,6.166268856266011,1082.0
2026-09-03 10:00:00+00:00,6.166268856266011,6.272667586125075,6.127271976376752,6.150274053483413,261.0
2026-09-03 11:00:00+00:00,6.150274053483413,6.152854622681708,5.651352167753812,5.667990575396384,577.0
2026-09-03 12:00:00+00:00,5.667990575396384,5.741021833657715,5.628652333670572,5.697700568613646,554.0
2026-09-03 13:00:00+00:00,5.697700568613646,5.798322729657496,5.649500443852001,5.787451866600265,360.0
2026-09-03 14:00:00+00:00,5.787451866600265,6.136999569780073,5.778638686644171,6.097148401831245,463.0
2026-09-03 15:00:00+00:00,6.097148401831245,6.453108958573483,6.0899159540345815,6.4482952333066725,1042.0
2026-09-03 16:00:00+00:00,6.4482952333066725,6.5198405248583775,6.40240729681952,6.476615895850746,745.0
2026-09-03 17:00:00+00:00,6.476615895850746,6.501602676784538,5.838579964895545,5.877613358749712,784.0
2026-09-03 18:00:00+00:00,5.877613358749712,6.267645206512944,5.824887239531769,6.214870621138785,431.0
2026-09-03 19:00:00+00:00,6.214870621138785,6.57946515540792,6.133118427244648,6.557646659417438,1141.0
2026-09-03 20:00:00+00:00,6.557646659417438,6.615419936971653,6.330614673571767,6.33907125492859,412.0
2026-09-03 21:00:00+00:00,6.33907125492859,6.477736064763744,6.31245285980606,6.449906296500393,913.0
2026-09-03 22:00:00+00:00,6.449906296500393,6.456607747940462,6.085653360500127,6.1659751569858585,335.0
2026-09-03 23:00:00+00:00,6.1659751569858585,6.1930798800680416,6.011363592286108,6.022241675347053,1146.0
2026-09-04 00:00:00+00:00,6.022241675347053,6.8883757202365405,5.975102556188377,6.856972671024799,272.0
2026-09-04 01:00:00+00:00,6.856972671024799,7.343760689469755,6.584122691968633,7.1950091958909725,1784.2797120712382
2026-09-04 02:00:00+00:00,7.1950091958909725,7.673677427959304,7.088361189155637,7.67250208091713,670.0
2026-09-04 03:00:00+00:00,7.67250208091713,8.20538066657435,7.666164583549331,8.186340083037491,636.0
2026-09-04 04:00:00+00:00,8.186340083037491,8.324568271124406,8.181396662844536,8.31934642738634,1078.0
2026-09-04 05:00:00+00:00,8.31934642738634,8.322617996690727,8.151425887282345,8.223030401015084,451.0
2026-09-04 06:00:00+00:00,8.223030401015084,8.243829009882726,7.154677190266998,7.157071560691484,450.0
2026-09-04 07:00:00+00:00,7.157071560691484,7.268246435493073,7.143801870757803,7.2626066140385355,964.0
2026-09-04 08:00:00+00:00,7.2626066140385355,7.489136744479329,7.214805227628711,7.474591468888346,676.0
2026-09-04 09:00:00+00:00,7.474591468888346,7.816397203238986,7.42012421787117,7.809984858565971,336.0
2026-09-04 10:00:00+00:00,7.809984858565971,7.849468032521377,7.710688605079165,7.775990949936791,150.0
2026-09-04 11:00:00+00:00,7.775990949936791,8.862554964575882,7.730908713894197,8.822673867749518,236.0
2026-09-04 12:00:00+00:00,8.822673867749518,9.36650323488243,8.777413339504164,9.35360502274797,307.0
2026-09-04 13:00:00+00:00,9.35360502274797,9.527151242607244,9.324643249860852,9.45300822252866,417.0
2026-09-04 14:00:00+00:00,9.45300822252866,9.467980869245578,9.377116457098506,9.38302648045374,540.0
2026-09-04 15:00:00+00:00,9.38302648045374,9.613757165033858,9.361275858738136,9.612606404987757,278.0
2026-09-04 16:00:00+00:00,9.612606404987757,9.624143553650564,9.362923464600167,9.36940486773345,455.0
2026-09-04 17:00:00+00:00,9.36940486773345,9.391474734421434,9.268322929333227,9.316901166409187,1035.0
2026-09-04 18:00:00+00:00,9.316901166409187,9.367617752260395,8.246854735329691,8.277799938482021,400.0
2026-09-04 19:00:00+00:00,8.277799938482021,8.32897023598233,7.898375859510568,7.942119907474637,912.0
2026-09-04 20:00:00+00:00,7.942119907474637,7.953877283829399,7.104406720829206,7.124482287085709,380.0
2026-09-04 21:00:00+00:00,7.124482287085709,7.150189154726511,6.587858829587193,6.602521089474994,1152.0
2026-09-04 22:00:00+00:00,6.602521089474994,6.632744788616498,5.4495862484818485,5.490466518501205,627.0
2026-09-04 23:00:00+00:00,5.490466518501205,5.506822393308077,5.1371081247145645,5.169251793661482,479.0
2026-09-05 00:00:00+00:00,5.169251793661482,5.266186341123917,4.504748948205782,4.721468329798252,2080.1154208238254
2026-09-05 01:00:00+00:00,4.721468329798252,4.985164945709588,4.697740814180081,4.97231086706876,514.0
2026-09-05 02:00:00+00:00,4.97231086706876,5.0471722946095,4.648844286505494,4.649187913156858,310.0
2026-09-05 03:00:00+00:00,4.649187913156858,5.00499864560853,4.638100869475559,4.960714340191393,656.0
2026-09-05 04:00:00+00:00,4.960714340191393,4.964994336835738,4.8726717235999475,4.907609962309944,995.0
2026-09-05 05:00:00+00:00,4.907609962309944,4.964273794653639,4.864578869481099,4.943281557129873,1046.0
2026-09-05 06:00:00+00:00,4.943281557129873,5.349466624941389,4.934036913812448,5.333756150442265,558.0
2026-09-05 07:00:00+00:00,5.333756150442265,5.343174571130936,3.4229518987837992,3.46307801586694,1106.0
2026-09-05 08:00:00+00:00,3.46307801586694,3.474354630700185,2.8408542581969387,2.8578322813563632,249.0
2026-09-05 09:00:00+00:00,2.8578322813563632,3.4374483919603414,2.78050159170018,3.3822351289582446,737.0
2026-09-05 10:00:00+00:00,3.3822351289582446,4.438754732072553,3.37752409269847,4.391127855162355,215.0
2026-09-05 11:00:00+00:00,4.391127855162355,4.570141116381166,4.180679025414403,4.405814448474422,739.5946470600635
2026-09-05 12:00:00+00:00,4.405814448474422,4.469143850358141,4.112741428111926,4.156709156613931,203.0
2026-09-05 13:00:00+00:00,4.156709156613931,4.188155961378694,3.4651047358224885,3.4876247631437742,351.0
2026-09-05 14:00:00+00:00,3.4876247631437742,3.7135047954432427,3.452840065518708,3.6296383776250702,717.0
2026-09-05 15:00:00+00:00,3.6296383776250702,3.654710293264806,3.5418839346821995,3.6047224067877064,376.0
2026-09-05 16:00:00+00:00,3.6047224067877064,3.6554702126691625,3.502296007452338,3.554390597990467,535.0
2026-09-05 17:00:00+00:00,3.554390597990467,3.5930954708999985,3.247840838036608,3.303751534577814,465.0
2026-09-05 18:00:00+00:00,3.303751534577814,3.377202057670914,3.2627263617037374,3.3411333560236764,221.0
2026-09-05 19:00:00+00:00,3.3411333560236764,3.390292577008917,2.818356444032605,2.829881411874332,823.0
2026-09-05 20:00:00+00:00,2.829881411874332,2.9286560187146984,2.8085245493889888,2.9258267472490944,507.0
2026-09-05 21:00:00+00:00,2.9258267472490944,2.975768758131727,2.9199096907233377,2.9689236455706745,102.0
2026-09-05 22:00:00+00:00,2.9689236455706745,3.190400822855343,2.965090168703672,3.1786980796181346,243.0
2026-09-05 23:00:00+00:00,3.1786980796181346,3.2261391458754396,2.7519572939184886,2.77527374006938,205.0
2026-09-06 00:00:00+00:00,2.77527374006938,3.239762847470747,2.7431611501995694,3.2224435399094857,983.0
2026-09-06 01:00:00+00:00,3.2224435399094857,4.3555819635749735,3.170935186629979,4.330551269302347,1062.0
2026-09-06 02:00:00+00:00,4.330551269302347,4.342959464905782,3.55494620246185,3.559621859601768,516.0
2026-09-06 03:00:00+00:00,3.559621859601768,4.098493031542131,3.5524994321530983,4.09523043950938,1191.0
2026-09-06 04:00:00+00:00,4.09523043950938,4.141015086187617,3.8306613784761567,3.8802832787497707,455.0
2026-09-06 05:00:00+00:00,3.8802832787497707,4.02896172743763,3.8265848863569696,4.014134916681809,263.0
2026-09-06 06:00:00+00:00,4.014134916681809,4.644390530209031,3.9923871769845354,4.58839189095593,792.0
2026-09-06 07:00:00+00:00,4.58839189095593,4.828327366496156,4.579729787718681,4.815893466489695,662.0
2026-09-06 08:00:00+00:00,4.815893466489695,5.600024601669389,4.755631054445705,5.582074533540305,1013.0
2026-09-06 09:00:00+00:00,5.582074533540305,6.206334616496543,5.531946398757655,6.20295629190725,314.0
2026-09-06 10:00:00+00:00,6.20295629190725,6.244510035001542,5.660537858098261,5.749027884683647,144.0
2026-09-06 11:00:00+00:00,5.749027884683647,6.421993027273871,5.720090256356231,6.348787289730306,516.0
2026-09-06 12:00:00+00:00,6.348787289730306,6.62462793590267,6.344697878026854,6.5661670505958485,1029.0
2026-09-06 13:00:00+00:00,6.5661670505958485,6.8722723813182744,6.5492414270617445,6.8535156712798555,883.0
2026-09-06 14:00:00+00:00,6.8535156712798555,7.523918752138978,6.7482069311657416,7.488837609534648,510.0
2026-09-06 15:00:00+00:00,7.488837609534648,7.689359400368565,7.483019217901366,7.671655581858564,295.0
2026-09-06 16:00:00+00:00,7.671655581858564,8.613728182722022,7.621401724279463,8.569529631199476,739.0
2026-09-06 17:00:00+00:00,8.569529631199476,10.186330094889934,8.443607180328051,10.029683967694595,3266.3958540353065
2026-09-06 18:00:00+00:00,10.029683967694595,10.311222226842032,10.007528421144313,10.275241679696546,454.0
2026-09-06 19:00:00+00:00,10.275241679696546,11.339722113097505,10.267225608061926,11.30951782941707,532.0
2026-09-06 20:00:00+00:00,11.30951782941707,12.857733552895253,11.28382543432762,12.802055453870492,311.0
2026-09-06 21:00:00+00:00,12.802055453870492,14.010560660225503,12.762110591919106,13.983987187234002,425.0
2026-09-06 22:00:00+00:00,13.983987187234002,14.038857953406296,13.971736271795955,14.022648055981858,965.0
2026-09-06 23:00:00+00:00,14.022648055981858,14.861182709656468,14.01936884741628,14.844505695354972,799.0
2026-09-07 00:00:00+00:00,14.844505695354972,16.895318302137632,14.833144481171853,16.888205210581127,671.0
2026-09-07 01:00:00+00:00,16.888205210581127,18.866072277203926,16.87592256473964,18.815818467527016,179.0
2026-09-07 02:00:00+00:00,18.815818467527016,20.587040113660333,18.798692485019956,20.554142989606582,265.0
2026-09-07 03:00:00+00:00,20.554142989606582,22.15022067626583,20.532274385661072,22.126701441758215,824.0
2026-09-07 04:00:00+00:00,22.126701441758215,22.156003811909095,21.67842186514026,21.7044632816519,573.0
2026-09-07 05:00:00+00:00,21.7044632816519,21.73236851774969,21.6923648424586,21.702739139753653,472.0
2026-09-07 06:00:00+00:00,21.702739139753653,23.294590110019545,21.676236605970956,23.247026382977918,909.0
2026-09-07 07:00:00+00:00,23.247026382977918,24.55602093875334,23.149946866552433,24.24298390297487,2805.195020905818
2026-09-07 08:00:00+00:00,24.24298390297487,25.05491521711101,24.16485135806659,25.035674350230575,473.0
2026-09-07 09:00:00+00:00,25.035674350230575,28.44308334772972,24.898904294708505,28.402172320426324,383.34571921518074
2026-09-07 10:00:00+00:00,28.402172320426324,29.53328094631643,28.361377057694348,29.463256331154668,488.0
2026-09-07 11:00:00+00:00,29.463256331154668,30.331977021195396,29.457655564361797,30.325166541263503,1155.0
2026-09-07 12:00:00+00:00,30.325166541263503,32.16145640482434,30.312278491658297,32.143294960076744,230.0
2026-09-07 13:00:00+00:00,32.143294960076744,35.82999655058367,32.05139643905175,35.809111926324256,444.0
2026-09-07 14:00:00+00:00,35.809111926324256,37.468503299189095,35.77263427043273,37.450227961238234,429.0
2026-09-07 15:00:00+00:00,37.450227961238234,38.90809075057559,37.43152800783733,38.86212215996713,796.7642971006526
2026-09-07 16:00:00+00:00,38.86212215996713,38.9194164476888,38.821983996790756,38.87518136813571,747.0
2026-09-07 17:00:00+00:00,38.87518136813571,40.500719245720155,38.83881184100119,40.469087577037364,656.0
2026-09-07 18:00:00+00:00,40.469087577037364,40.931048196368316,40.443508780424935,40.91395104973189,670.0
2026-09-07 19:00:00+00:00,40.91395104973189,44.556587055116054,40.9080250415266,44.54057872966693,1088.0
2026-09-07 20:00:00+00:00,44.54057872966693,46.17126144939086,44.45050549538991,46.14402331579645,960.0
2026-09-07 21:00:00+00:00,46.14402331579645,46.24677286671265,44.54062892679134,44.56502525569943,1748.1270736717781
2026-09-07 22:00:00+00:00,44.56502525569943,45.997439376827145,44.54690251341094,45.94985511442574,943.0
2026-09-07 23:00:00+00:00,45.94985511442574,47.780438439932446,45.926665230304565,47.76987565259032,1063.0
2026-09-08 00:00:00+00:00,47.76987565259032,49.875271215199064,47.7488850330956,49.819912347718834,462.0
2026-09-08 01:00:00+00:00,49.819912347718834,53.86081015667977,49.79244035882912,53.813912020581604,865.0
2026-09-08 02:00:00+00:00,53.813912020581604,59.4010578049423,53.78346553726373,59.37399546347039,909.0
2026-09-08 03:00:00+00:00,59.37399546347039,66.17400459568263,59.37032269396863,66.15546559136757,679.0
2026-09-08 04:00:00+00:00,66.15546559136757,69.19729790305989,66.12248852934063,69.15496871483502,418.0
2026-09-08 05:00:00+00:00,69.15496871483502,78.99040736118052,69.14665687173182,78.96631893346805,1124.0
2026-09-08 06:00:00+00:00,78.96631893346805,78.98372647913166,78.4089320843231,78.41243331292145,1115.0
2026-09-08 07:00:00+00:00,78.41243331292145,83.34650433983627,78.41192459342787,83.3249808753659,568.0
2026-09-08 08:00:00+00:00,83.3249808753659,86.06593515173468,83.16766028887618,86.04893514827336,1595.5244487236373
2026-09-08 09:00:00+00:00,86.04893514827336,87.77549811572946,86.00603476856759,87.77164648402874,155.0
2026-09-08 10:00:00+00:00,87.77164648402874,99.38942592555668,87.72007641500566,99.36665883804075,148.0
2026-09-08 11:00:00+00:00,99.36665883804075,107.26834122555066,99.26175899517447,106.96531964696042,2651.6936502593794
2026-09-08 12:00:00+00:00,106.96531964696042,115.4547045620604,106.96530972914273,115.40763442895154,484.0
2026-09-08 13:00:00+00:00,115.40763442895154,115.43695961662237,109.66857212610307,109.6888708120007,469.0
2026-09-08 14:00:00+00:00,109.6888708120007,119.32205760663805,109.67531368529569,119.30947058270485,868.0
2026-09-08 15:00:00+00:00,119.30947058270485,119.34423692285284,115.72480657548688,115.82347305197425,152.0
2026-09-08 16:00:00+00:00,115.82347305197425,119.66903424273379,115.75007266526924,119.6411095060715,516.0
2026-09-08 17:00:00+00:00,119.6411095060715,119.65535894981167,119.26282472182486,119.2937480606513,278.0
2026-09-08 18:00:00+00:00,119.2937480606513,122.4877089066148,119.22163128148415,122.44794136070495,700.0
2026-09-08 19:00:00+00:00,122.44794136070495,124.19243367325336,122.40460821998215,124.19140134739649,180.0
2026-09-08 20:00:00+00:00,124.19140134739649,129.21373440375345,124.11208324140438,129.18726923798206,208.0
2026-09-08 21:00:00+00:00,129.18726923798206,129.5180542280145,129.10101960344196,129.50812414245823,866.2877478787856
2026-09-08 22:00:00+00:00,129.50812414245823,129.53672799575236,120.22812428841767,120.24149342808576,513.0
2026-09-08 23:00:00+00:00,120.24149342808576,120.28234588108472,119.10023791007188,119.11630122530524,759.0
2026-09-09 00:00:00+00:00,119.11630122530524,125.96033962094886,119.05971173169496,125.91193400190514,703.0
2026-09-09 01:00:00+00:00,125.91193400190514,134.92877921075987,125.8707436099952,134.8826953812925,945.0
2026-09-09 02:00:00+00:00,134.8826953812925,134.9391606654726,131.27257893175062,131.2868984084052,1174.0
2026-09-09 03:00:00+00:00,131.2868984084052,131.34503618176856,129.2685808950742,129.2795857047417,610.0
2026-09-09 04:00:00+00:00,129.2795857047417,129.32780830216606,127.26450485974767,127.2664303508707,517.0
2026-09-09 05:00:00+00:00,127.2664303508707,127.26974833091029,118.6401920217114,118.66362939604457,420.0
2026-09-09 06:00:00+00:00,118.66362939604457,118.6827720941458,111.3152431010041,111.3330586183228,742.0
2026-09-09 07:00:00+00:00,111.3330586183228,111.36022591713295,111.28877311759796,111.32157276299152,226.0
2026-09-09 08:00:00+00:00,111.32157276299152,111.35407199165955,109.40891900958185,109.4526738611329,130.0
2026-09-09 09:00:00+00:00,109.4526738611329,120.22277430365466,109.4463396460792,120.20854548679499,725.0
2026-09-09 10:00:00+00:00,120.20854548679499,120.23617188594393,114.76463017786044,114.78599240522085,1197.0
2026-09-09 11:00:00+00:00,114.78599240522085,115.6573142478088,114.77285427209658,115.61127205563177,518.0
2026-09-09 12:00:00+00:00,115.61127205563177,117.04671965235009,115.58790972277951,117.0379649697445,990.0
2026-09-09 13:00:00+00:00,117.0379649697445,131.03402897599244,117.01027260972393,131.02878999187917,639.0
2026-09-09 14:00:00+00:00,131.02878999187917,131.0642636466011,113.86991726946893,113.87116405435792,559.0
2026-09-09 15:00:00+00:00,113.87116405435792,113.88852843290839,113.25412939248871,113.27067452044452,768.0
2026-09-09 16:00:00+00:00,113.27067452044452,118.67441321510566,113.26379811263311,118.65379128797329,288.0
2026-09-09 17:00:00+00:00,118.65379128797329,124.31958487549238,118.63828469668682,124.2970198855087,1174.0
2026-09-09 18:00:00+00:00,124.2970198855087,129.81333352309986,124.24164902686742,129.8046982907114,293.0
2026-09-09 19:00:00+00:00,129.8046982907114,129.81407188220265,126.53476524732255,126.54104291172285,797.0
2026-09-09 20:00:00+00:00,126.54104291172285,126.56604801973259,120.14449061800471,120.1585425574671,1160.0
2026-09-09 21:00:00+00:00,120.1585425574671,141.37446775135575,120.14155277158,141.35502115414204,437.0
2026-09-09 22:00:00+00:00,141.35502115414204,141.37439756592173,129.59605752781857,129.6526630453,749.0
2026-09-09 23:00:00+00:00,129.6526630453,145.17616737254997,129.6099033302984,145.1688794224657,502.0
2026-09-10 00:00:00+00:00,145.1688794224657,154.1016812196653,145.11138172226717,154.08993690240058,794.0
2026-09-10 01:00:00+00:00,154.08993690240058,154.15840951907307,148.7851943647407,148.81430086024133,1142.0
2026-09-10 02:00:00+00:00,148.81430086024133,151.02314024759337,148.7879007411847,150.9357299687932,846.0
2026-09-10 03:00:00+00:00,150.9357299687932,150.97057779959795,143.44488059271347,143.4642859849033,394.0
2026-09-10 04:00:00+00:00,143.4642859849033,143.49002977057197,139.96085462937222,139.98221691809985,214.0
2026-09-10 05:00:00+00:00,139.98221691809985,139.99310133423538,136.9006910659069,137.01210257459599,1100.0
2026-09-10 06:00:00+00:00,137.01210257459599,137.02400950890234,136.7184074948574,136.79046233499437,187.0
2026-09-10 07:00:00+00:00,136.79046233499437,145.28088127009926,136.7839738340629,145.25964899919683,954.0
2026-09-10 08:00:00+00:00,145.25964899919683,154.23849417096972,145.1911146047732,154.2186052487637,431.0
2026-09-10 09:00:00+00:00,154.2186052487637,154.22434524777827,136.22504884788495,136.24404826327697,689.0
2026-09-10 10:00:00+00:00,136.24404826327697,152.0357726930107,136.1858895357319,151.9816986731893,489.0
2026-09-10 11:00:00+00:00,151.9816986731893,156.6786529382556,151.93193486277386,156.63010788611174,292.0
2026-09-10 12:00:00+00:00,156.63010788611174,168.9241722811624,156.55192237694686,168.75472652562846,446.55345155382946
2026-09-10 13:00:00+00:00,168.75472652562846,168.78130354287987,151.45129321959655,151.46156206271277,264.0
2026-09-10 14:00:00+00:00,151.46156206271277,151.52849626370502,148.93773365077746,148.93832331774135,172.0
2026-09-10 15:00:00+00:00,148.93832331774135,148.9784501165095,143.05196506683515,143.0676695825117,92.0
2026-09-10 16:00:00+00:00,143.0676695825117,149.8926932823801,143.0117160176008,149.84823614356085,637.0
2026-09-10 17:00:00+00:00,149.84823614356085,149.8653026172648,143.65293249538826,143.66939482649738,584.0
2026-09-10 18:00:00+00:00,143.66939482649738,144.24080464962913,143.65257086290717,144.21014044982883,679.0
2026-09-10 19:00:00+00:00,144.21014044982883,144.27177933433282,131.48202845189886,131.55323071454276,982.0
2026-09-10 20:00:00+00:00,131.55323071454276,134.4025647093919,131.55241582183277,134.3814533833366,1161.0
2026-09-10 21:00:00+00:00,134.3814533833366,134.4462488798358,127.31683165788817,127.3391323961756,268.0
2026-09-10 22:00:00+00:00,127.3391323961756,127.36934687175551,125.05308118328931,125.12804880751439,164.0
2026-09-10 23:00:00+00:00,125.12804880751439,125.17596420068996,123.20806849297082,123.22975020105437,529.0
2026-09-11 00:00:00+00:00,123.22975020105437,123.25853726635987,113.61111216945756,113.63811924911086,648.0
2026-09-11 01:00:00+00:00,113.63811924911086,126.285077308913,113.62416472049748,126.24311735984962,923.0
2026-09-11 02:00:00+00:00,126.24311735984962,126.53185127679953,126.15522150811164,126.4925020124729,475.0
2026-09-11 03:00:00+00:00,126.4925020124729,126.55174039898165,112.4738195695965,112.48427951419919,610.0
2026-09-11 04:00:00+00:00,112.48427951419919,112.52439888331773,102.94349418457577,102.96911737211259,896.0
2026-09-11 05:00:00+00:00,102.96911737211259,103.06763721219478,94.54454781064308,94.98404041632459,1061.6565020004018
2026-09-11 06:00:00+00:00,94.98404041632459,95.0235014262347,87.28014715059558,87.30522007857076,770.0
2026-09-11 07:00:00+00:00,87.30522007857076,100.08143164771846,87.25169720518488,100.0515622054975,180.0
2026-09-11 08:00:00+00:00,100.0515622054975,100.05461419603203,99.24115490473991,99.28876626082969,1187.0
2026-09-11 09:00:00+00:00,99.28876626082969,99.3384531305389,96.36505937256042,96.3660191179241,1155.0
2026-09-11 10:00:00+00:00,96.3660191179241,96.40871787491686,88.0274645833871,88.06285727153511,221.0
2026-09-11 11:00:00+00:00,88.06285727153511,93.71775550424418,88.01996116874354,93.71583438242816,1030.0
2026-09-11 12:00:00+00:00,93.71583438242816,102.72087769297167,93.70970037823454,102.66147770313742,662.0
2026-09-11 13:00:00+00:00,102.66147770313742,102.737627968526,100.49805731088348,100.51862718230545,1184.0
2026-09-11 14:00:00+00:00,100.51862718230545,106.56445760120197,100.50991124725208,106.5413405348723,1153.0
2026-09-11 15:00:00+00:00,106.5413405348723,113.34354127972759,106.51598487797668,113.31034355442218,178.0
